MS:1000894_[sec]	MS:1000285
27.246	684170.5625
175.188	1691033
344.382	6880374
408.588	15691709
463.836	19743686
517.782	27464112
571.182	18307818
629.388	23584344
686.382	28777118
743.382	25791766
800.382	32836698
856.194	32929144
912.588	32761890
968.382	38019184
1023.582	42235708
1079.388	42682176
1134.582	42994584
1189.182	43588664
1244.382	48450884
1298.982	46317808
1354.182	42311316
1408.788	40878204
1463.982	45996824
1517.982	47163432
1572.588	35676148
1628.382	35238904
1684.788	30813228
1741.782	30055858
1798.782	33772388
1855.188	33389700
1918.65	27045950
1973.406	26563272
2035.806	23289546
2098.818	22956860
2161.806	20059026
2225.4	18370662
2289.6	5534754.5
2353.806	14459092
2418.606	15470742
2484	13393791
2548.806	14646933
2613.612	14689392
2679.006	12375702
2743.8	12459249
2809.2	13877501
2874.018	13465763
2938.206	12407139
3003	13136554
3067.2	12649252
3131.406	13301748
3193.806	14130793
3256.8	14772643
3318.606	15760556
3379.8	18907666
3441.408	19306170
3495.948	22151808
3552.006	47247580
3609.006	11869498
3666.606	28776554
3723.606	28492794
3781.2	29000472
3837.606	31305290
3894.618	29541182
3951.006	28942662
4008.006	27391108
4065	24092178
4121.406	20018752
4179.018	17223140
4238.4	12910195
4295.406	10928981
4356.006	8970377
4415.406	7352280.5
4476.606	6011656
4537.8	5704177
4599.6	8227264.5
4660.2	4585456
4723.206	4353249
4786.806	4771012
4849.8	3920457.25
4914.606	3479113
4979.406	3541278.5
5045.406	3642853.25
5110.212	3487988.5
5176.218	3662329.75
5241.606	3806708.25
5307.006	3732046.25
5374.608	4094265.75
5432.382	4018973.75
5489.988	3417146.5
5549.388	4639702.5
5606.382	3200236
5667.588	3111524.5
5726.982	3077923.25
5787.582	2835710.5
5848.788	2483421.75
5911.182	2426983
5972.982	2316324.5
6036.582	2228047.75
6098.988	2084129.75
6161.988	2328028.75
6224.982	2201328.5
6287.382	2080718.5
6350.382	2094829
6413.382	2204597.75
6476.388	2030190
6539.382	2136585.5
6602.388	2024235.75
6665.982	1881551.25
6729.582	2770688.25
6792.582	1585911.75
6860.982	1585831.75
6928.788	1616387.875
6997.182	1675733.125
7062.582	1666863.875
7130.982	1589343.25
7198.782	1547034.625
7266.588	1505019.25
7334.982	1485541
7403.382	1506542.625
7472.382	1403274.875
7543.182	1503150.25
7612.182	1565536.5
7681.182	1471602.375
7750.782	1405999.25
7820.382	1517400.75
7888.788	1454370.625
7958.382	1477654.25
8026.782	1435773.5
8096.382	1316149.375
8166.582	1468576.5
8235.582	1340730.125
8305.782	1402613.875
8375.982	1370044.25
8446.182	1496003.25
8513.982	2091092.5
8575.182	1330568.75
8645.982	1357766.875
8716.182	1291540.75
8787.582	1277010.875
8857.182	1275888
8929.182	1250980.125
8999.982	1197967.75
9071.982	1234287.75
9144.588	1302169
9215.988	1335023.125
9286.182	1261034.125
9357.582	1374160.125
9426	1201573.75
9498.582	1960203.75
9560.982	1456156.5
9628.788	1257179.75
9700.182	1302631.75
9772.182	1271127.75
9842.982	1241605.375
9915.582	1165040.625
9987.594	1277254.625
10059.588	1171310.5
10131.582	1159478.625
10204.182	1196252.5
10275.582	1121730.875
10349.382	1223218.875
10421.982	1168720.25
10495.182	1184821.875
10568.382	1091797
10642.182	1210922.25
10715.988	1575097.75
10780.782	1628835.875
10847.388	1262543.625
10918.782	1281012.625
10989.582	1210853.875
11060.982	1100393.5
11134.782	1163807
11208.588	1558270.125
11275.182	1150255.875
11347.782	1665445.25
11411.982	1110043.125
11485.188	1561262.625
11550.582	1161210
11623.182	1416772.75
11691.582	1258020.5
11761.782	1266712.875
11832.582	1429910.75
11900.382	1240628.375
11971.182	1251405.25
12041.982	1885481.125
12103.182	1559616.75
12169.782	1193464.875
12241.782	2165381
12302.382	2105341.75
12362.982	1336370.25
12432.582	1456549.125
12500.982	1348010.875
12569.982	1395883
12637.182	2083043.375
12697.782	2161716.5
12756.6	1452751.5
12822.588	1534816.875
12888.582	2156484.75
12949.188	1448866.25
13015.782	1393370.375
13084.182	1698760.125
13146.582	1351583
13214.988	1589169.625
13279.788	1426441.875
13346.388	1394448.5
13413	1700542.5
13478.388	1332030.75
13545.582	1898847.125
13607.382	1480158.625
13673.382	1616460.25
13738.788	1380416.625
13806.582	2048216.375
13868.382	1450734.875
13934.982	1702727.25
13997.982	1895276
14059.836	2023666.375
14120.382	2150124.25
14179.782	1855411.875
14241.582	2117342.75
14300.982	2459579.75
14360.382	2158951
14426.988	3423213.5
14497.188	9300887
14555.382	8423977
14607	30643098
14660.982	36917764
14713.782	54753172
14764.782	8790160
14825.844	334.992248535156
15618.012	30063684
15651.582	63440084
15701.982	67357136
15747.648	38835.62890625
15818.634	27813.34765625
15876.396	4929.62353515625
15961.212	58000740
15986.61	19149.5
16085.754	29715.77734375
16176.612	6768290
16208.856	1102.48852539062
16437.228	2643.64794921875
16989.612	14714698
17023.188	1514465.375
17102.388	3972350.75
17163.588	1477140.125
17243.982	1611755.75
17324.388	1687907.625
17404.782	1221814.75
17486.988	1288216.25
17567.988	2303729.5
17632.782	1113210.375
17714.382	947377.25
17797.788	7234467
17850.582	1106863.125
17932.782	897262
18016.182	1207475.5
18089.988	904464.9375
18170.982	807648.875
18253.182	2115450
18314.382	1737496.25
18384.582	1185020.75
18458.382	831786.8125
18541.2	812168.4375
18622.782	668746.9375
18707.382	834419.1875
18784.182	789849.6875
18863.43	965285.5625
18937.182	858503.5625
19012.788	718936.5
19094.394	690641.25
19178.382	725654.8125
19258.182	760048.375
19338.582	692153.0625
19422.582	782971.8125
19504.182	1122601.875
19577.988	668119.4375
19660.182	854709
19736.388	726305.375
19815	700240.4375
19894.194	684387.4375
19973.988	664206.6875
20053.188	680729.8125
20132.988	2027699.5
20191.782	1121234.25
20261.382	1611130.375
20322.588	964135.6875
20394.582	912607.375
20467.182	687908.5625
20544.588	768668.5625
20623.782	866428.3125
20695.182	686184.4375
20772.582	696886.75
20849.982	677200
20926.788	701057.8125
21003.582	1067711.75
21073.2	740262.9375
21148.836	779424.9375
21220.782	819301.5625
21294.582	766259.375
21370.782	634232.1875
21448.782	948142.875
21518.382	613963.0625
21596.988	760867.75
21670.182	964705.0625
21739.782	629189.1875
21817.782	996423.6875
21886.782	984870.1875
21955.782	950172
22025.382	846670.5625
22097.382	709316.875
22171.794	672716.0625
22246.782	698005.25
22321.182	678479.75
22396.782	703485.875
22472.982	742205.1875
22543.782	961881.125
22613.388	826114.75
22684.182	583956.8125
22762.788	612356.125
22839.582	817037.875
22910.982	730561.75
22984.182	838804
23054.982	1183831.5
23120.382	827688.375
23192.4	886883.625
23260.182	708217
23335.182	727892.5625
23408.982	903388.375
23478.582	743335.5
23551.782	980231.125
23620.794	722602.375
23692.782	803558.6875
23764.782	953745.9375
23833.782	651819.4375
23909.988	685261.625
23983.788	707475.625
24058.182	1085142.5
24125.382	1155295.625
24192.582	781955.9375
24265.23	888357.125
24334.782	833304.5
24405.582	995243.1875
24474	1026780.5
24541.782	647092.5625
24617.382	799005.0625
24688.788	790473.1875
24760.182	568403.9375
24837.582	702332.5
24911.388	1161076.5
24977.982	1146160
25044.582	1202368.375
25109.982	1021104.875
25179	1171239.125
25246.182	1060684.5
25315.182	1243641
25379.382	864634.0625
25450.782	1243481.375
25515.582	982912.125
25584.582	1051231.125
25652.388	1028785.5
25721.382	1018031.625
25789.782	1340679.75
25854.582	1250884.625
25919.988	1304695.375
25984.782	1093504.375
26052.582	1149936.5
26120.382	1202249.125
26186.988	1068409.625
26255.982	1124346.25
26324.994	1421975.875
26388.6	1338346.375
26454.588	1352343.125
26518.782	1397002.5
26582.382	1136568.75
26651.394	1272862.5
26717.982	1281441.25
26784.636	1520410.75
26846.382	1396176.125
26912.4	1507256.125
26974.8	1230326.625
27041.988	1628028
27103.782	1607344
27166.188	1422152.625
27230.382	1663371.5
27292.782	1623617.5
27355.182	1831049.875
27415.182	1404170.125
27479.382	1283190.875
27547.182	1480342.125
27611.382	1600383.25
27674.982	1532277.125
27739.182	1667473.75
27801.582	1928611.125
27860.982	1838637.875
27922.788	2017289.625
27982.782	1944161.625
28043.982	1586052.25
28107.588	1616900.75
28171.788	1684368
28234.188	2173620.25
28293.582	1699574.75
28357.182	1826442.625
28418.382	1874609.25
28478.988	2041097.375
28539.582	2197749.5
28598.982	2045205.125
28660.182	2135138.5
28720.182	2475485
28778.4	1838880.125
28839.582	2582060
28897.782	2407478.25
28956.588	1864606.5
29018.982	2813969.75
29077.182	2324217.25
29134.782	2413938
29193.588	2127707.25
29253.6	1856082
29316.582	2424398.25
29374.182	1937370.5
29435.382	2360870
29494.782	2657154
29552.382	2152626.25
29612.382	2722352
29668.242	2610566
29728.8	2635006.25
29788.236	2937178.5
29844.582	2273340.75
29903.382	2304379.25
29962.782	2294719
30022.812	2737268
30080.382	3137189.75
30136.782	2419384.75
30195.582	2938071.75
30253.188	3417178
30310.182	2776435.25
30367.782	3371752.5
30424.182	2760114.75
30481.788	3067728.25
30539.382	2804145.5
30597.582	3213524.25
30655.182	3956091.75
30710.988	2192372.75
30771.582	2469407.75
30830.982	4005477.5
30886.782	3246878.5
30943.788	2803621.25
31001.988	3847594.25
31057.788	2939391.75
31116.582	2649469.25
31174.782	2536275.25
31235.382	3051909.75
31291.788	3042860.25
31349.988	3598328.75
31406.382	3066571.75
31463.988	3854645.75
31520.382	2527139.75
31580.982	4102795.5
31635.582	4571622
31691.382	3607163.25
31747.836	4233059.5
31803.582	4089847
31859.382	3253978.75
31916.982	4260763.5
31972.188	3649020.5
32029.182	3722159
32085.588	4000581.75
32141.982	4913136
32197.782	4431209.5
32252.382	4897696.5
32307.6	4578204
32362.782	4540401.5
32418.582	4163587.5
32474.388	4038070.5
32530.788	4404839.5
32587.182	4429370.5
32642.382	3786879.5
32699.382	3793671.25
32756.382	4138849.25
32812.782	4442662
32868.582	5092203
32923.182	5244952.5
32978.388	4530869.5
33036	5270349.5
33089.388	4484929
33146.43	5660324
33199.83	3579205
33258	4515253
33314.388	5779306
33368.382	4495700.5
33424.782	5182487
33480	5793251.5
33533.982	5712872
33588.582	4799151
33644.382	4953184.5
33700.182	4163233.25
33757.188	5149921.5
33812.388	4053997.75
33869.988	5059919.5
33925.182	5098246.5
33980.388	6374707
34034.988	5095106
34089.582	4522584
34146.582	5115833.5
34202.382	4696833
34258.182	5199865
34313.388	5544245.5
34369.182	4501489
34425.582	6542797.5
34479.582	5587426
34534.788	5593619
34590.582	4896681
34646.382	5845938.5
34701.582	6557220.5
34755.582	6439892.5
34809.588	6341635.5
34864.188	6180231.5
34918.782	5554207.5
34973.982	5674867.5
35029.182	6891980.5
35082.582	5636128.5
35137.782	5681721
35194.182	6793901
35247.582	6887212.5
35300.988	7453772.5
35354.988	5408367
35410.182	5924109.5
35465.382	5847731.5
35520.582	5209624
35575.848	5691017
35630.982	6441411
35685.582	6027096.5
35740.782	6709515
35795.982	6591774.5
35849.382	5303215
35905.884	7248083
35958.582	6868076
36013.188	6358041
36067.188	6407662
36121.788	5951298
36176.982	6125319.5
36231.582	5043745.5
36287.382	6719554
36341.988	5826238
36397.782	6625111
36451.182	7797783.5
36504.588	7528787
36558.588	5397252
36613.788	6369811
36668.382	6880370.5
36722.382	7384393
36776.382	6721629.5
36830.988	7238731.5
36884.982	6092936.5
36939.582	6715445
36995.382	6507680
37048.2	6693991.5
37103.388	5208808.5
37159.83	6451880
37213.782	6888783
37268.382	4860889
37324.8	5875834
37380.588	6077317.5
37435.782	6911620.5
37490.382	6850745.5
37544.382	7340383.5
37598.982	7199581
37652.982	6900820.5
37707.588	7129462
37760.982	6529023
37815.6	7450176
37869.582	6947226.5
37923.582	6839763
37978.182	7628465
38032.182	7488205.5
38086.188	8361726
38139.588	5220948.5
38197.182	7867579.5
38249.382	8439994
38303.382	7556318
38357.382	7223498
38411.382	7638440
38464.782	7909434
38518.782	7311432
38572.782	7235819
38627.382	7333534
38681.382	7130442.5
38735.382	8249523
38789.388	7478916.5
38843.382	7460742
38897.382	7969327
38951.382	7554074.5
39005.382	6901343.5
39059.982	8147478.5
39113.388	7516468.5
39167.4	7917909.5
39221.382	7811198
39276.582	8442945
39322.44	12650.1533203125
39555.612	7217726
39589.782	8683555
39643.188	8349894.5
39696.588	7979230.5
39749.988	7307968
39803.988	8297714.5
39857.988	8191792.5
39911.4	6316067.5
39966.582	7759410
40020.582	7459994
40074.582	9145409
40127.982	8789034
40181.388	7754344
40235.982	8815994
40282.734	374.617492675781
40942.812	5008321
40977.582	5273916
41031.582	4413413
41087.382	3580301.5
41143.782	2932073
41200.788	2635376.25
41259.582	2202392.75
41319.588	1944091.375
41379.582	1614672.5
41443.188	1534187.375
41506.182	1667171.875
41566.782	1427479.625
41629.194	1273089.625
41693.382	984923.25
41761.182	810834.625
41831.982	843654.25
41900.982	663203.75
41976.582	884601.375
42046.782	755375.5625
42118.188	545671.8125
42197.382	812028.6875
42268.788	668444.8125
42344.382	830280.75
42415.182	858031.3125
42486.582	850880.3125
42556.182	923455.5
42627.042	1022950.5625
42693.582	1243820.375
42758.982	937068.3125
42828.582	1253311.25
42894.582	1347559
42957.6	1248819.375
43024.182	1563866.625
43085.982	1581370.5
43147.182	1664842
43208.382	1856244.875
43268.382	1960333.5
43328.982	1877755.25
43390.188	2140146.5
43449.588	2460190.5
43507.782	2421301.25
43567.182	2269974
43626.582	2451033
43685.382	3459032
43741.182	3286738.25
43797.582	4356094
43853.988	3918850
43909.782	3693905.25
43966.182	5016445.5
44021.982	4044795.5
44077.182	3776370.25
44133.582	4058795.5
44189.982	4613225
44244.588	4358192.5
44300.382	3718210.25
44357.382	5201199
44411.988	5116424.5
44466.582	4471048
44522.382	3950156.5
44579.382	4739263
44635.182	5593859.5
44690.388	4362284.5
44745.588	5647685
44800.182	4854580
44855.388	4617757.5
44911.182	5879499
44965.788	5981138
45019.782	6097803.5
45074.982	4410858.5
45131.382	5896271
45185.982	5673897
45239.982	6351782.5
45294.582	5103134.5
45349.782	6445845.5
45403.8	5535707
45452.064	10735.7998046875
45840.006	5170186
45874.788	5768285.5
45929.382	6090632.5
45983.988	5667125
46038.582	8413918
46091.982	8801334
46146.582	5550163.5
46201.836	6430298.5
46256.382	6149906.5
46310.982	5887078.5
46366.182	7190450
46419.588	5891110
46475.988	6742470
46528.788	6652797
46582.782	7314918.5
46636.782	7252566
46690.782	6097279.5
46745.982	7657842
46799.982	6688234.5
46853.982	7403798.5
46907.988	7371828.5
46962	7229042
47015.982	7726101
47069.988	7475657
47123.388	5915960.5
47179.182	6892129.5
47232.582	7272028
47286.582	7757918
47340.582	7649474
47393.982	7025715.5
47448.582	7240881
47502.582	5531003
47558.382	8116359.5
47611.782	8054365.5
47665.782	3176662
47726.982	7746821
47781.582	6833178
47834.982	7364419
47888.982	7969677.5
47942.982	6861353.5
47996.988	6436987
48052.182	8449372
48105.582	7529711.5
48160.182	8887859
48212.988	8265626.5
48267	7914848.5
48314.058	14578.46484375
48536.418	7104513.5
48569.982	8598944
48623.382	7488020.5
48677.382	7268118
48731.388	8487000
48785.382	8955672
48838.782	8326525
48891.582	6624739.5
48946.782	8291009.5
49000.188	7708710
49053.582	6099944
49109.382	8331303
49163.382	8219747
49216.182	4691481
49274.382	8533031
49327.782	10013359
49381.182	6617236.5
49435.836	9189410
49489.182	8793685
49542.582	9193277
49597.782	8681356
49649.988	7018946.5
49704.03	7929192
49751.592	1251.26110839844
49956.012	8342662.5
49989.582	6801007
50038.164	2104.28442382812
50740.212	6602090
50775.6	9094594
50828.382	7031651
50883.582	8901658
50936.982	8795970
50989.8	8999488
51044.4	9813530
51097.182	9945394
51150.582	9053571
51204	9757421
51257.388	7569637.5
51312.582	9397791
51366.588	10048788
51419.382	8996479
51473.388	8741033
51526.782	8541739
51580.182	8884671
51634.782	10740804
51686.982	8754290
51740.382	9731116
51793.782	9584302
51847.782	7896771.5
51901.782	2912469.75
51971.4	3752894.5
52033.182	8619291
52087.182	3565056.75
52144.746	3199.95776367188
52884.612	8401505
52918.182	10400660
52971.582	9491747
53025.582	7588112
53080.782	9148610
53134.182	9936377
53188.182	10825303
53241.582	10192872
53288.844	2443.69384765625
53433.612	4333970.5
53474.382	10117380
53528.388	8818998
53581.782	8079892
53635.182	9315683
53689.182	10106589
53742.582	7997965.5
53797.782	9867158
53851.782	9625421
53905.788	10175617
53959.782	10781616
54013.188	8152780.5
54062.01	3842.29296875
54396.012	7943018
54424.02	9771.2001953125
54675.606	8125773
54703.074	1209.18505859375
54905.406	8354611
54940.182	11148979
54994.188	4958396
55053	10949166
55106.436	9063250
55160.382	9691232
55207.914	1827.12121582031
55924.812	8804302
55958.982	9460265
56006.118	4824.0068359375
56330.424	3512167.25
56369.016	352.686920166016
57166.806	7314993
57200.982	8628669
57254.382	9567810
57308.382	5379391.5
57366.6	9888267
57419.982	9729727
57467.898	2063.47021484375
58266.006	7358238
58301.4	8885559
58350.06	3373.4921875
59015.412	7325364.5
59043.594	1157.58032226562
59608.218	6771893
59638.134	853.802856445312
60436.224	8378190
60470.382	5219261
60529.182	8048032
60584.988	9744546
60638.982	8541074
60686.628	5828.2646484375
60954.012	8781346
60987.588	8273978.5
61042.782	10282898
61096.782	10362242
61144.134	1070.49609375
61500.612	3974035
61544.382	10277173
61599.588	9157154
61647.51	8544.9619140625
62044.812	8218402.5
62072.148	6092.81103515625
62474.556	827.448364257812
63003.012	9082881
63030.312	7393.150390625
63430.662	4188.1162109375
63669.012	8023720
63703.782	8833914
63751.314	3025.65502929688
64549.86	7794832
64583.988	7966613.5
64638.582	9211021
64693.182	5506647
64746.618	586.225280761719
65538.588	4050.23071289062
66308.412	8633217
66341.982	7484166
66398.388	8436248
66452.388	8895258
66507.582	6465434.5
66557.352	5446.44970703125
67150.812	7970892.5
67184.982	8689092
67240.182	8841255
67294.782	8312532
67346.982	8659640
67404.588	8809854
67453.59	8011.00244140625
67845.612	7322590
67880.982	7144570.5
67929.576	900.282104492188
68526.612	7359868
68554.536	3012.18090820312
68777.418	7300971
68811.588	7507358
68867.382	7837561
68915.712	712.059448242188
69714.012	8247967
69748.788	7076506.5
69798.018	6221.24755859375
70510.218	7040199
70545.582	6164972
70596.078	2275.33959960938
70878.612	6845805
70913.382	8143600.5
70967.982	7027327
71024.388	7265449.5
71072.88	1878.92517089844
71581.35	997.724060058594
72351.024	7515011.5
72385.782	5687283.5
72436.464	266.430541992188
73234.812	7558507.5
73269.582	7465316.5
73325.382	7588940.5
73380.582	7192311.5
73436.982	7096097
73486.236	7571.0517578125
73962.012	5775343.5
73997.982	6814693.5
74053.182	7582238.5
74108.382	7300140.5
74157.774	918.578308105469
74956.206	6494346
74985.408	851.804931640625
75336.414	4172.0009765625
75579.612	5928171
75609.708	7237.97265625
76407.612	6949768
76442.382	7925555.5
76497.582	7166019
76546.668	603.540771484375
77101.212	6451513.5
77136.582	6451473.5
77192.388	6706392.5
77240.898	1097.9013671875
78039.012	5696284
78076.188	7291749.5
78131.382	7330999
78187.782	6950248
78243.582	7806092
78298.782	6367087
78355.182	7044157.5
78410.988	7280168.5
78466.182	6224537.5
78521.982	6590256.5
78577.782	6321376
78632.982	6183575
78683.496	1106.4091796875
79210.212	5727341.5
79246.182	6723635
79302.588	6917202.5
79358.388	7112774
79414.182	6892711.5
79469.388	6988104.5
79518.666	430.259857177734
80047.806	6242166
80077.158	4872.6005859375
80355.612	6362430
80390.982	7586817
80446.788	7472834.5
80502.582	6972413.5
80558.982	6016570.5
80608.512	948.12548828125
81406.812	5570520
81437.352	454.337432861328
82168.236	1585.76049804688
82680.018	6890447
82716.582	6128707.5
82764.468	1538.08142089844
83293.212	5843678
83329.782	5561219.5
83380.584	880.146362304688
83788.47	1054.01135253906
84517.908	5918.2451171875
85287.606	5569203
85316.706	965.262512207031
85793.412	5515314.5
85830.582	6074012.5
85885.188	5242049.5
85941.582	5341783
85997.382	5656627
86053.782	6920884.5
86109.582	6204946
86158.464	4323.90283203125
86479.812	5838118.5
86515.188	6375699
86571.582	5565250.5
86621.808	568.715576171875
87420.012	6029404
87455.982	6379023
87514.188	6509048
87568.788	6601113
87618.096	8881.626953125
87942.516	5776.18994140625
88609.206	5469756.5
88645.188	5621382
88701	6498938
88756.788	5496463
88813.782	5493445.5
88869.582	5951458
88925.982	5771444.5
88982.382	5992242.5
89038.182	6052357
89093.982	5657815
89150.382	3884740.75
89206.314	3640.68701171875
89717.412	5434828.5
89753.988	6153020
89809.188	4376433
89869.182	5702513
89924.982	6594519.5
89981.382	5809893.5
90037.788	5977439.5
90093.582	5914296
90147.03	5166480
90206.388	5353726.5
90262.782	6006696
90319.782	5685089.5
90375.588	6281187.5
90431.982	5191830.5
90487.836	6259332.5
90544.188	5712975.5
90599.982	6069517.5
90656.382	6478271
90712.194	6196580.5
90767.982	5723748.5
90817.608	507.237457275391
91615.812	5822361
91652.382	5834590.5
91709.388	5246863
91758.66	995.037658691406
92556.612	4494301
92594.382	5185368.5
92650.782	5663337.5
92707.782	5519561
92763.582	5150658
92813.256	3191.43090820312
93291.018	4957403
93326.988	5552879.5
93383.382	4856385
93435.288	8062.07861328125
93822.012	3479509.5
93862.782	6086028
93919.182	5757621
93974.982	3555342.25
94035.582	5049437
94091.982	5733082.5
94148.382	4768986.5
94204.782	4153540.75
94262.382	5697255
94318.788	5108387.5
94374.582	4765415.5
94431.582	4650140
94487.982	4805913.5
94544.982	5362635
94600.788	5151885
94656.582	3377362.25
94710.696	648.875305175781
95507.418	3957262.75
95547.582	5134526
95603.382	4750376.5
95654.226	2990.01440429688
96452.412	4651463.5
96488.982	3799033.75
96541.986	3121.22973632812
97320.612	4102751
97358.388	4754000
97414.182	4715088.5
97468.782	4159766.5
97528.182	4345232
97587.588	4542057
97643.988	5057541
97700.382	4056248
97752.288	639.710327148438
98550.612	4579806
98586.582	4675326.5
98643.582	5666568.5
98699.382	5256450
98749.422	1420.18176269531
99547.812	4518084.5
99584.382	4916650
99633.96	4946.0556640625
100360.212	4034652.25
100396.782	4022979.25
100455.588	4894538.5
100512.582	5230139.5
100562.514	1972.61242675781
101361.024	3664093.75
101398.782	4519349.5
101455.788	5093070.5
101512.182	5260044
101568.582	5097995.5
101625.582	4864377.5
101681.982	3217790.75
101738.31	85863.8671875
102192.462	1287.77136230469
102890.412	3792089.25
102928.788	4461769.5
102986.388	3108538.25
103048.182	4475949.5
103105.188	4719654
103162.188	5107202
103218.582	4170559.5
103270.314	9789.291015625
103718.418	2871503.5
103760.994	4839516.5
103819.182	3663625.5
103872.234	674.363403320312
104670.612	3929887.5
104707.788	3216587.5
104770.182	4696556
104826.582	3770797.5
104884.782	4394503.5
104942.388	3851470
104999.394	3692335.75
105056.982	4673919
105112.182	2808289.25
105174.6	4698016.5
105230.982	4230076.5
105282.078	7873.1875
105809.406	3404888.75
105848.382	4392737.5
105904.782	4991222
105961.182	3102995
106019.382	4310371.5
106076.382	3261556.75
106138.182	4294297.5
106195.2	3183475.75
106250.532	2062.25048828125
107048.412	3866447.5
107086.782	2829435.5
107140.818	2675.3662109375
107769.024	3483858.5
107806.782	3905634.5
107862.582	3387171.25
107922.582	4634411
107977.836	3094017.5
108034.782	4141863
108092.382	3927237.25
108149.982	4279310.5
108207.582	4518580.5
108265.23	2961729
108325.182	3728231.75
108383.982	4200571
108440.388	3572395
108497.394	3579578
108556.182	5696378
108611.982	3379041.75
108671.982	4719252.5
108727.788	2936472.5
108788.982	5024016.5
108845.382	4060885.5
108903.582	3416997.25
108961.188	3840061.25
109016.982	4170848.25
109073.982	3841546.5
109130.982	4004530
109188.588	4477477
109246.182	3270207
109296.84	1530.7685546875
110094.618	3291350.25
110132.382	4477299.5
110189.382	2364411
110249.982	3740799
110307.588	2708448.75
110362.08	3446.44921875
111160.212	3122914.5
111199.182	4162158.75
111254.982	2945487.5
111313.794	3028060
111374.982	3867265.25
111431.982	2441533.5
111491.382	4785179.5
111546.588	2614257.25
111608.388	2888162.75
111667.788	4187351.5
111725.382	4099144.5
111783.582	2576144
111844.182	2435593.5
111904.782	2475267.5
111962.982	3652035.75
112020.582	3749599.5
112078.182	4261069.5
112134.582	3284041.25
112192.182	4341332.5
112249.788	3552802.5
112306.782	3051685
112363.182	2891187
112424.982	3741873.75
112482.582	3882573
112538.982	3734654.75
112597.182	3180941.25
112652.982	2850181
112714.182	3813034.5
112771.188	3046533.5
112828.182	3009512.5
112886.382	2895637
112943.988	3988031.75
113001.588	3225409
113060.982	2292043.5
113122.182	3303215.5
113181.588	4111629.75
113237.382	2761442.75
113297.982	2814734.75
113359.182	2308354.5
113420.382	2654788.25
113482.182	2741346.25
113539.782	2466188
113600.988	3720434
113658.582	3729392.5
113716.782	3949585.75
113774.382	2221018
113834.382	2731419.5
113895.582	2657478.75
113953.782	3374651.5
114011.382	3528853.75
114068.988	3810644.75
114126.582	2870465.75
114183.588	4152644.75
114241.182	2799303.5
114301.182	3337320
114360	3825595.5
114417.582	2481832.5
114478.782	2677666.5
114540.582	3621834
114598.188	2452603.5
114659.382	2537295.25
114719.982	3243741.25
114777.582	2543721
114839.382	4220430.5
114894.588	3471399.5
114952.182	2431728.25
115012.782	3274479.5
115069.782	2843222
115129.782	3885122
115187.382	3698408
115244.388	3450397
115302.594	3152873.25
115361.4	3465136.25
115418.382	2667673
115477.182	3079604
115535.982	5065404.5
115592.982	3026794.25
115652.982	3529017.5
115709.982	3091915.5
115768.182	3599752.5
115826.988	3167309
115885.182	3117025.75
115945.782	2945155.5
116000.946	1499.1474609375
116798.424	2388988.5
116841.588	3369592
116898.582	3234143
116956.788	3732810.75
117014.382	3296397.25
117071.982	3009754.75
117130.788	3031454
117188.982	3208505.75
117246.582	3454098.75
117304.8	3016549.5
117362.988	3565719
117421.182	4595406
117476.382	2981441.25
117533.982	3481270
117592.782	3127138.5
117650.982	2590898.25
117712.182	2393700.5
117772.182	3349635.25
117829.782	3479625
117886.782	3962830
117944.982	3324521
118003.182	2566719.25
118064.4	3164730
118121.382	2698640.25
118182.582	3037373.25
118240.782	3541761
118298.982	3644039
118355.982	2862979.75
118408.944	123798.8046875
118761.012	3554639
118799.382	3250514.25
118849.92	1572.76647949219
119647.812	2907528.25
119679.99	36081.3984375
120288.612	2867666.25
120327.024	3033868.5
120383.982	2542047.5
120442.782	2541677.75
120502.806	2803021.5
120560.982	2817701
120617.982	3074651.5
120676.782	2644204.25
120734.382	2680116
120793.182	2297756.25
120854.388	3169687.25
120912.588	2589387
120973.182	2985619
121030.782	3205634
121088.388	3453881.25
121145.388	2819117.25
121205.988	4728291
121261.782	3459934.25
121312.134	606.792846679688
122110.212	2518421.25
122147.988	3203624.75
122204.982	2869358.25
122263.182	2694344.25
122321.382	3201285
122379.582	3365381.5
122439	2714597.75
122494.782	2403988
122555.382	2399544.5
122614.2	3748545.25
122671.782	2818797.25
122729.982	3040675.25
122786.388	2931973
122843.988	2342200.75
122905.224	2095461.75
122964.582	2713944.75
123023.442	3673802.25
123081.582	3789917.5
123138.582	3317198
123195.582	3086820.5
123253.782	2551613.5
123313.182	2610382
123371.382	2814123.75
123427.782	3380526.25
123485.982	3041630.25
123544.182	3115557.75
123601.782	2484391.25
123659.988	3064080.5
123717.582	3228064
123775.182	2896706
123832.182	1924025
123892.782	2399788.5
123953.982	3189555.25
124011.582	3429227.5
124067.982	2718713
124128.582	3492601.25
124186.782	2942573
124238.622	1385.51354980469
125036.406	2262885.5
125077.782	2903875.75
125135.388	3597663.75
125191.182	2293322
125247.21	23361.380859375
125928.012	2742610
125966.982	3373678.25
126023.382	3174579.25
126081.582	2357454.5
126141.582	2727879
126195.276	504219.0625
126312.612	2909473.75
126352.182	3063569
126409.182	3018999
126467.388	3419863
126519.318	10816.0439453125
127310.412	2051648.125
127351.182	3338572.25
127406.982	3292885
127457.712	266771.75
127603.212	3415818
127640.982	2269177
127700.988	2740445.5
127760.982	3041600.75
127811.652	3386.9814453125
128610.012	2390636.5
128650.182	3014919.5
128706.6	2405682.5
128760.732	121666.53125
129196.812	2309025
129234.588	2460222.5
129287.688	93016.5
129658.812	2463174
129695.382	2619127.5
129754.188	2845009.25
129808.782	2337760.25
129868.782	2352884.75
129925.188	2715861
129983.988	2090394.625
130042.8	1926625.75
130103.388	2181042
130161.582	1977984.75
130220.982	2871638.25
130277.982	2007267.875
130336.782	2282643
130388.592	16288.158203125
131186.412	1938182.75
131227.182	2899050.25
131283.582	2196415.25
131341.182	2361792.75
131398.188	1853543.75
131456.982	2316460
131513.388	2458051.5
131569.8	2127339.75
131627.382	1744444.75
131687.382	1989095.25
131745.588	2207377.5
131803.836	2366721.25
131860.182	2538336.25
131918.382	2133234.25
131976.588	1979404
132030.114	68545.46875
132426.612	2407738.25
132466.188	2069424.625
132523.188	1692409.375
132583.788	1657692
132643.182	1762923.75
132703.182	2024272.625
132760.788	1642311.25
132820.788	2282546
132880.782	2109259.75
132937.782	1622578.375
132998.388	1769357.625
133057.182	1737380.75
133117.182	1860211.75
133177.182	2168871.75
133234.188	2114560.75
133284.84	143181.734375
133466.46	1769837.25
133505.382	2033889.125
133562.982	2112999.25
133620.582	1597634.75
133680.582	1856440
133739.988	1653382.5
133799.382	2231979
133856.4	3227367.25
133912.782	1682146.25
133972.782	1569076.5
134033.982	1637939.875
134093.382	2353586.75
134149.182	1676659.625
134209.782	1672552.875
134269.788	2390554
134327.382	1802775.625
134386.782	1870645
134446.182	3074411
134502.582	2298589.5
134560.182	2157845.75
134617.188	2261703.5
134674.182	1780962.75
134733.582	2031150.125
134790.582	2243795.75
134849.382	1768575.875
134902.764	22258.84375
135700.212	1597162
135741.582	1935460.875
135800.982	2520673.75
135859.188	2101162.5
135910.206	93654.703125
136295.412	1690568.75
136335.582	1687535.375
136394.382	1644225.5
136454.982	2107355.5
136513.782	2249727.25
136570.782	1670129.625
136630.782	2278230.75
136687.182	2107755.25
136744.782	2054555.25
136802.388	1639222.75
136862.382	1749099
136922.382	1557574.625
136983.582	1965170.625
137041.182	1601078.875
137101.788	1669880.125
137161.782	1650282.75
137221.782	2119650.25
137278.782	1609990.625
137339.388	2152240.5
137396.382	1699714.125
137455.782	2601626.25
137507.034	210007.59375
137747.412	1871712.125
137785.182	1549040.25
137845.788	2038864.25
137903.994	1880682.5
137961.588	2337679
138017.982	2065851.125
138075	2121731
138131.382	1879311.25
138190.782	2035149.25
138248.382	1636581.5
138308.382	1841633.875
138367.788	2222657.75
138424.788	2011684.5
138482.382	1712244.75
138542.982	2003197.625
138600.582	1632843.375
138661.188	2299620
138717.582	1613961.125
138777.582	2243368
138833.982	1921581.375
138893.382	1791367.5
138953.982	2231250.75
139010.382	2223908.25
139068.582	2055375
139125.582	1958007.375
139182.588	1683213.875
139242.588	2256341.25
139298.388	2049979.875
139357.188	2200567.75
139414.182	2037841.25
139472.988	2135246
139528.788	1736789.25
139589.388	1728559.75
139649.388	1673534.5
139706.43	1663710.5
139769.388	1998560.125
139828.23	1799090
139886.4	2191902
139943.382	2170131.75
140000.382	2058078.375
140057.982	2128916.25
140115.582	2341235.5
140171.388	2432929.75
140227.182	2133834.75
140285.382	1654075.625
140345.382	1755851.875
140405.382	1879454
140464.182	1978150.875
140524.782	1755326
140585.388	2138406.25
140642.388	2241724.75
140699.982	1978627.625
140758.782	1750714.625
140818.788	1612601.5
140879.382	2510564.25
140935.782	2126810.75
140992.782	1653802.5
141052.782	1628041.625
141112.782	2527380.5
141168.588	2554338.5
141224.982	1633453.75
141284.982	2222997
141341.982	1791721.75
141402.582	2395256.75
141459.588	2085027.125
141518.982	1641821.25
141578.382	1948377.375
141636.588	1797612.5
141696.588	1683842.75
141757.782	1920820.375
141815.382	1896363.625
141875.988	1999680.625
141934.182	1861668.25
141994.782	2306762
142051.182	2295393.5
142107.582	1904207.25
142161.426	44526.0625
142827.012	1701782.25
142868.382	2170915
142925.388	1882693.875
142985.982	2249603.25
143042.982	2009919.5
143101.782	1804145
143162.4	2557789.25
143218.188	2020978.5
143276.982	2162904
143333.982	2556182.5
143384.256	38307.23046875
143827.806	2657989.25
143864.382	2815714.75
143919.582	2393354
143977.188	2341820.5
144034.182	1944813.125
144093.582	2499580.5
144151.8	2821797.5
144206.4	1913822.875
144266.982	1831603.5
144326.388	2454711.5
144384.636	1959616.125
144443.382	1891577
144503.982	2369867.25
144561.63	1936411.625
144621.582	2105616.75
144680.388	1924166.75
144740.388	2424351
144797.382	2334085
144854.982	1878470.75
144914.982	1897147.875
144976.182	1958176.25
145035.582	2717261.25
145091.982	2141217
145150.788	2519136.75
145207.182	1844860.75
145267.182	2400036.75
145324.782	1957425.25
145383.582	2106551.5
145442.988	2473974.5
145499.982	2295377
145556.982	2435000.75
145614.582	1852161.375
145668.63	62264.03515625
146253.612	1778229.25
146294.382	1943402
146353.182	2565302.5
146410.182	2623542.25
146465.982	2356574.5
146522.982	2422585.75
146580.588	2516617.5
146636.982	1853064
146696.988	2592830.25
146753.388	1786163.875
146813.382	2129935.25
146872.182	1822704.875
146932.182	1812734.125
146992.788	1712992.875
147053.382	2260601
147110.982	1839617.25
147170.982	1810259.125
147230.988	1841478.5
147291.594	1650980.75
147352.782	1726559.5
147413.388	1811673.875
147473.382	1570060.125
147534.582	1732027
147594.582	1849498
147655.182	2519295
147710.982	1660483
147770.982	2501433.5
147827.982	1665375.375
147881.946	30101.95703125
148503.618	1642836.5
148544.982	1757098.125
148605.582	1788413.375
148666.182	2342851.75
148723.782	1789000.75
148783.782	1689523.625
148844.982	2688001.5
148901.388	2420485.25
148960.182	1904173.875
149019.588	2458529
149076.588	2007292.25
149137.188	2465905.5
149195.382	1865677.5
149248.452	388590.5
149397.012	1715432.5
149438.988	1945013.5
149498.988	2830711
149556.582	1818936.375
149615.982	1973460.5
149675.982	1819282.625
149735.988	1788373.5
149797.788	1711897.875
149858.382	1856237.25
149918.982	1962784.375
149978.382	2079760.625
150038.388	2204815
150094.182	1628921
150156.6	2439374.25
150211.188	1690610.625
150273.582	2235760.5
150329.994	1626982.875
150392.388	1635844.75
150451.788	2150141.75
150508.782	1700274.375
150568.188	1705838.5
150628.23	1645209.625
150688.782	1728203
150749.382	2292552.5
150805.206	1576162
150865.236	1572808.875
150925.782	1417183.625
150986.988	1989889
151044.624	2083337.25
151100.982	1777582.875
151159.782	2235913.25
151216.182	2300028.25
151271.982	2122675.5
151328.388	1697917.25
151387.782	1963843.125
151444.782	1462928
151505.982	2199262.5
151561.782	1390576.5
151622.382	2203314.75
151678.788	1527962.375
151738.182	1462925.125
151791.306	105867.484375
152173.218	1625224.375
152211.588	1499966.875
152270.388	2071250.75
152327.982	1677326
152386.182	1509390.25
152439.948	65354.55078125
152838.012	1685097.25
152876.382	2058047.75
152933.382	1933002.25
152983.74	105121.03125
153262.812	1611995.25
153296.076	82846.578125
153651.612	1636308.25
153691.182	1942504.625
153742.638	145485.859375
154051.224	2614799.5
154087.182	2180518.5
154145.382	2104195.75
154203.582	2365483.75
154262.382	2290226
154314.288	15842.9375
155112.612	2845450
155150.382	2990712.25
155207.982	2903146.25
155266.182	3083898.25
155323.8	3870910.5
155380.188	3053071
155437.782	2938048
155495.982	2960225.75
155555.388	2828656.75
155606.418	29422.1484375
156199.206	2361959.5
156238.182	2837650.5
156296.388	2634968.5
156349.044	245610.6875
156585.012	3407509
156621	2745367.25
156679.782	3032609.75
156737.982	3166624.5
156796.2	3060540
156848.088	17601.7734375
157560.012	4032174.25
157598.382	4960287
157655.388	4910281.5
157707.828	1808606.875
157772.202	75950.0234375
158177.412	6244565.5
158215.182	9900633
158269.83	7614364
158320.998	5632365.5
158373.648	118670.3671875
158667.522	8369497
158710.2	7598887.5
158773.608	254750.75
158953.248	9272261
158995.2	7427355
159058.8	7002783
159122.736	621141.75
159228.054	8975562
159270.006	6547604.5
159334.206	6127236
159399.006	6001106
159463.02	54965.43359375
159920.844	4839453
159952.836	1859998.375
160025.412	5647966.5
160056.156	191941.21875
160239.006	4953001
160277.382	6681216
160333.2	5080562
160392.582	5451721
160450.788	5097859
160509.582	5613939
160568.382	5898644.5
160618.584	384800.5625
160767.012	4854899.5
160798.86	57283.91015625
161238.012	4472233.5
161276.982	6835125.5
161332.182	5020263
161390.982	4437641.5
161450.382	6749089
161505.588	4594058.5
161564.982	4896580
161623.788	4590112
161682.588	4692953
161741.382	4516463
161800.782	4755650.5
161859.582	4375000
161920.182	4744191.5
161977.782	4642561.5
162030.132	212740.453125
162193.212	3879302.75
162233.382	4433176
162292.782	5437213.5
162349.182	5667759.5
162406.188	4020168
162466.782	4568345.5
162526.182	5253943
162582.582	4469497.5
162641.982	5605541.5
162698.388	4699572
162757.182	4737185
162815.982	5954781
162872.382	5500504
162928.788	4220123.5
162988.188	4066748.25
163048.788	6249190
163103.982	4508838
163156.038	15016.546875
163953.612	2828065.75
163988.364	64752.21484375
164310.012	2609774.25
164344.938	15746.76953125
165085.83	10073.98828125
165855.612	2137279.25
165897.588	2939775.75
165953.382	2673660
166012.182	2497862.75
166072.782	3275877.5
166129.188	2737239.25
166189.188	3214464.75
166246.182	3301546
166302.582	2838085.75
166354.668	23285.51171875
167152.812	2713395.5
167194.782	2866904.25
167252.388	2808106
167312.982	2946954.75
167372.382	3053240
167432.382	3036812.5
167484.072	684785.25
167608.212	3145519.25
167640.156	10395.6708984375
168438.012	3925733
168476.388	3799236
168528.822	204296.4375
168746.412	3686749.25
168785.388	3570023.75
168844.782	3794388.75
168903.582	4448225
168959.982	3250861.75
169020	3283947.75
169080.588	3199233.25
169139.982	3327366.25
169199.982	3086337
169259.982	2696711.75
169321.182	3324396
169379.982	3264310
169438.182	3053957.25
169497.582	2913246.5
169556.982	2885625.25
169610.67	304906.09375
169797.012	2441544
169837.782	2943005.75
169897.182	2609688.5
169957.782	2779775.5
170016.588	2786834.75
170077.782	2341588
170136.582	2654822.75
170196.582	2249718
170257.782	2393586.5
170318.388	2237744.5
170379.582	2225999.75
170440.782	2194041.75
170501.388	2109648.25
170556.648	22332.548828125
171354.606	2497869.75
171394.182	2227540
171452.982	2254722
171513.588	2899450
171569.382	2095632.625
171630.582	2209702.25
171689.988	1913871.125
171751.788	2386804.25
171810.582	2030532.625
171872.382	2071089.75
171932.982	2137959.25
171988.17	113605.09375
172785.612	2540642.75
172824.624	2370203.5
172878.126	220691.34375
173085.612	2094205.75
173127.024	2806608.75
173184.582	2962486
173242.188	2040622.375
173303.994	2455077.75
173362.782	2029799.25
173424.582	2097219.25
173485.824	2003931.5
173547.588	2442793.75
173606.988	2117790.25
173669.382	2303347.75
173728.782	1931801.25
173790.582	2562698.5
173848.788	1876668.375
173911.188	1860041.25
173972.982	2197528
174033.582	2121635.75
174094.182	2120612
174154.188	1948495.875
174216.582	2011855.375
174278.982	2482894.75
174337.2	1948434.875
174392.892	267043.3125
174625.212	1825341.25
174668.382	1927829.25
174730.182	2084124.5
174786.102	67164.453125
175209.012	1928162.375
175250.982	2170939.75
175312.788	2164152
175373.988	2228076.75
175433.382	2039160.625
175495.836	2098998.25
175556.988	2150550.5
175618.182	1936126
175673.46	21541.609375
176466.612	1625334
176502.306	180767.234375
176683.86	1443930.125
176726.982	1948747.5
176786.988	1651236.25
176848.788	1662925
176904.27	23900.787109375
177633.612	1509697.125
177676.782	1700786.125
177737.382	1634264.5
177793.266	88993.59375
178092.612	1647482.125
178129.23	35507.4375
178641.828	11862.224609375
179349.012	1771930.5
179390.988	1934212.875
179452.782	2338130.25
179512.782	2296498.75
179567.958	90008.6015625
179866.812	2954172
179905.782	2972414
179966.988	3209278.5
180027.03	3537120.5
180085.782	3146208.75
180146.988	3125070.5
180207.594	3707267
180264.63	3466084.25
180327.582	3204925.25
180389.382	3196538
180449.382	3722099.5
180508.188	3205737.5
180569.388	2913456.75
180629.988	3490923.25
180688.188	4142956.75
180745.83	2738629.25
180806.382	2644426.75
180867.588	2794159.25
180927.588	2546627.25
180988.182	3357648.5
181045.182	2325805.25
181106.988	2110305.5
181169.388	2219411.75
181229.988	2119306.25
181291.782	2107433.25
181353.582	2173824.25
181414.782	2156059
181476.582	2042516.25
181537.182	1982594.75
181598.982	1903825.25
181660.188	2461310.5
181719.588	1930730
181773.888	84435.234375
182256.612	1995019.5
182298.582	2275693.5
182360.382	2154395.75
182422.83	2150248
182483.982	2236174
182545.188	2307618.5
182599.56	6840.8017578125
183397.212	2204766.25
183434.094	19510.611328125
184160.412	2235222.5
184196.088	7193.6396484375
184993.212	2288356.25
185035.182	3236671.25
185091.582	2439382.75
185147.058	140018.625
185347.572	261114.5625
185559.006	2275898
185600.982	3120415.25
185659.182	2608618.5
185713.896	113620.921875
186076.212	2364575.25
186117.582	2437338.5
186178.782	2396243.25
186239.988	2417935.5
186300.582	2366891.75
186355.692	48729.9609375
186903.612	1975020.25
186938.85	218183.53125
187149.612	1901934.625
187185.084	12579.9326171875
187983.012	2614219.75
188023.782	2947757.75
188077.86	612617.4375
188202.018	2593482
188236.92	1557380
188306.754	33811.92578125
188850.012	2554129.75
188890.782	2921338.5
188944.89	9174.748046875
189699.018	2541932.25
189737.982	2262264.75
189798.588	2307582
189859.782	2221427.5
189920.382	2220707.75
189981.588	2151757.5
190042.782	2264841.75
190103.982	2230024.75
190164.582	2387677.5
190225.182	2755310.75
190277.856	13819.791015625
191011.812	2886702
191051.988	3038033
191106.81	215397.375
191300.94	91027.078125
191677.812	2453723.5
191718.582	2803671
191777.988	2488724.5
191832.768	509991.46875
191962.206	2102530
192003.582	2282949
192064.782	2174786.75
192125.382	2243743.25
192185.982	2140697
192246.588	2170157.5
192301.722	116840.3515625
192646.212	1635353.25
192681.654	26308.38671875
193479.612	1574212.125
193521.582	1800573.375
193582.188	1788274.125
193637.412	269530.34375
193819.998	107424.6640625
194064.612	1579777.375
194107.182	1812050.5
194167.782	1783764.75
194229.582	1757406.625
194284.056	278058.84375
194478.606	1637462.875
194520.582	1762066.125
194581.782	1651262.625
194643.582	1736661
194705.382	1693176.125
194766.582	1723993.625
194827.188	1663458.125
194888.982	1658107
194950.182	2406079
195007.182	1840149.75
195062.28	88592.3125
195508.362	28160.43359375
196264.212	1329030.375
196300.302	6914.6796875
197098.212	1374605.625
197133.762	18162.6640625
197931.618	1741654.25
197972.982	1839968.375
198027.654	502256.25
198151.812	1703967.5
198186.126	131738.46875
198484.812	1632747.25
198520.224	273489.1875
198714.612	1557885.625
198757.782	1992812.75
198810.636	23834.71875
199609.212	1532669.125
199644.192	25114.69921875
200442.612	1827419.875
200483.982	2085984
200544.588	2339861.25
200604.588	2439257.5
200657.532	96060.5546875
200951.184	69357.171875
201393.612	1796855.375
201434.988	1903476.125
201489.702	192461.09375
201769.212	1851402.375
201809.988	2014080.25
201871.182	2030485.125
201925.872	120874.265625
202168.212	1793344.5
202208.982	2066042
202270.788	2036861.5
202331.982	2026809.625
202393.182	2023317.375
202447.554	258771.234375
202647.012	1929474.75
202688.388	1951424.375
202743.072	186636.90625
202984.212	1692506.375
203019.162	677440.8125
203128.812	1745039.875
203169.588	1811875.625
203224.104	101666.7734375
203499.618	1684128
203540.982	1807324.125
203602.224	1859004.75
203657.046	170876.515625
203914.83	2115882.75
203956.182	2660824.25
204016.182	2607091.75
204076.782	2708776.5
204137.988	3109936
204198.582	3314007.25
204258.588	3521015
204319.182	3923328
204379.182	4271326
204439.182	4708581
204492.594	550826.4375
204630.612	6201385
204668.982	7258642
204727.782	7418640.5
204780.36	79256.1953125
205240.812	14968035
205277.382	17729744
205333.182	18736794
205383.108	118180.890625
205612.806	25910706
205646.982	26064908
205695.744	154515.28125
205956.612	30578974
205990.182	32571994
206044.782	37215400
206091.912	101794.4296875
206322.012	34582032
206355.582	37330664
206408.988	31975072
206464.182	36153544
206518.188	38700664
206572.782	37942536
206626.182	37652524
206680.182	36433152
206734.182	36633928
206788.788	34969184
206842.782	34859492
206896.782	32690708
206951.388	36372448
207005.382	33440666
207059.382	31488360
207113.982	29522928
207168.588	30923034
207223.188	30686966
207272.256	534720.6875
207374.412	25992182
207409.182	27624170
207463.782	25297922
207518.988	25061750
207574.182	23919522
207629.388	24487284
207683.988	21875794
207733.644	124448.1875
208034.412	16997006
208070.382	16369813
208126.182	16379062
208183.182	15491299
208233.816	187290.515625
208470.012	11835868
208507.182	12942600
208564.782	12382951
208622.382	11866602
208679.982	11901039
208736.982	11243986
208794.582	11072923
208852.182	10559225
208903.626	353433.125
209059.212	9274357
209090.976	171332.734375
209308.212	8367639
209345.982	8452358
209404.182	8628416
209456.058	222590.0625
209636.412	7096618.5
209675.982	7678389.5
209732.988	7456700.5
209791.182	7153338.5
209849.382	7092226
209908.188	7042033.5
209966.382	6865530.5
210017.922	52347.79296875
210493.812	5271471
210532.782	5336705
210584.13	17205.158203125
211382.412	4305857.5
211420.782	4715702
211478.382	4394157.5
211537.182	4538717
211590.564	32741.875
212172.012	4110576
212209.782	4434164.5
212267.382	4362694.5
212319.168	380195.6875
212433.012	3870371.75
212470.782	4169153.75
212528.982	3894196.25
212587.836	4147691
212646.582	4319189.5
212704.182	4044444
212762.982	4364279
212821.782	4053934
212879.982	4118395.25
212938.782	4033510.5
212997.582	3977951.5
213056.388	4022667.75
213115.182	3942074
213173.982	3933677.75
213232.782	3755314.75
213292.188	3432114
213352.182	3816866
213410.982	3917488.75
213469.782	4310429
213526.782	3439008.75
213586.182	3259610.25
213645.582	3358319
213704.982	3375467.5
213764.382	3455244.5
213823.788	3312887.5
213883.188	3144246.5
213943.182	3220190
214002.582	3027699.25
214062.582	2938212.75
214122.582	2973601.5
214182.582	2792531.75
214242.582	2988155.5
214302.582	3005415
214361.982	2780335.5
214422.582	2743459.75
214483.182	2615218.5
214543.782	2804004.75
214603.8	2801325.5
214664.382	2853883.5
214717.746	160340.28125
214978.206	2520823
215018.982	2620790.75
215079	3066259.25
215136.582	2555454
215197.782	2463250
215257.782	2609768.75
215317.788	2373064.25
215379.588	2431318
215439.582	2364705
215500.782	2558497.25
215561.382	2343208.5
215616.156	24132.287109375
216296.412	2412029.5
216331.284	18032.3671875
217123.212	2523975.25
217162.824	2765519.75
217220.982	2926555.5
217279.782	2655824.25
217338.582	2633049.75
217397.988	2633792.5
217457.382	2838203.75
217516.182	2659815.5
217574.982	2921794.75
217633.182	2545813.25
217691.988	2576911.25
217750.782	2512584
217809.6	2419711
217861.956	78392.53125
218290.212	2222067.5
218329.188	2522299.5
218387.394	2344776
218445.582	2406930.5
218504.382	2435080.5
218562.588	2389824.5
218621.382	2728459
218678.988	2451348.25
218737.182	2146071
218796.582	2374667
218854.788	2278186
218914.182	2402677.75
218971.188	2252722.5
219027.03	2277482
219088.188	2203833
219147.642	2219498.75
219205.782	2310595.25
219263.988	2320888.5
219322.188	2260475.75
219380.382	2201758.25
219439.188	2188397.5
219497.994	2138753.75
219556.782	2111148
219615.582	2258356
219674.982	2087394.875
219733.782	2129507.5
219793.182	2075541.5
219851.988	2211760.5
219910.782	2320618.25
219968.982	1995002.125
220028.382	2207449.5
220087.782	2112412.75
220146.582	1921943.125
220205.988	1838044.75
220265.982	2018611
220325.382	2124947.25
220384.782	1914376
220444.788	2004433.25
220504.782	1899478.625
220564.182	1904578.25
220618.098	136664.921875
220919.412	1817343.875
220960.182	1950498.25
221020.182	1822942
221080.782	2069742.625
221134.188	46301.43359375
221409.612	1789617.75
221450.982	1886869.75
221504.688	456283.90625
221636.412	1769867.125
221679.588	2083090.75
221737.782	2047572.5
221792.976	12677.4453125
222589.212	2323506.75
222630.588	2518022.5
222683.832	50492.26953125
223482.018	2984124.75
223522.182	3506220.25
223574.7	2215119
223644.618	3267171.75
223677.546	144873.4375
224047.806	3775449.75
224080.608	95375.265625
224449.812	4030918.5
224488.782	4763224.5
224540.658	2693258
224604.012	4360372
224635.584	81855.5234375
224997.618	4215158.5
225029.436	33629.484375
225539.412	3588191.5
225578.382	3627666.75
225630.738	15795.865234375
226428.612	3497304.75
226467.642	3706180.25
226519.494	2144806.25
226582.842	225248.296875
226717.812	3469986.25
226750.23	72163.8984375
227141.412	3583551.25
227173.8	74469.359375
227514.492	15173.837890625
228106.206	3019798.75
228139.296	1539366.875
228207.078	47300.296875
228565.482	9891.9169921875
229328.418	3826396
229368.582	4512069.5
229421.052	953386.3125
229501.92	714514.5
229561.776	187424.546875
229748.952	4856525
229793.406	4608803.5
229857.822	2454647.75
229910.304	123366.1796875
230174.454	4091162.25
230219.406	3849855.25
230285.406	4148972.25
230350.806	4040769.5
230414.82	115808.9765625
230651.508	78393.90625
230982.054	3230025
231027.612	3097838
231093.222	797098.6875
231165.978	275510.28125
231283.764	164268.03125
231453.654	2960615.25
231498.132	41030.7109375
231990.24	8535.79296875
232764.072	2492503.5
232809.3	767330.25
232882.488	150630.953125
233073.966	2095080.375
233107.722	190669.96875
233323.362	91382.40625
233693.64	12585.208984375
234106.116	9629.802734375
234760.656	2484381.75
234806.406	2091895.25
234875.484	854940.875
234948.9	284549.625
235078.794	45861.51171875
235301.916	162537.234375
235483.566	23292.77734375
235934.454	1878546.25
235980.6	1826874.75
236046.186	63616.1484375
236436.054	1793666.375
236482.206	1924240.375
236549.406	1934458.5
236615.04	43141.30859375
237105.054	2389700.75
237151.206	2395413
237216.546	34838.01953125
237554.364	24712.18359375
237897.954	2307448.25
237937.788	2592499
237992.226	1192123.625
238059.564	196279.390625
238247.406	2267001.25
238286.982	2494681.5
238340.934	39007.46875
238804.08	17284.267578125
239206.812	2663305.25
239246.382	2939704.5
239300.112	517419.21875
239397.276	59583.98828125
239515.23	36924.78515625
239986.674	2477599.25
240032.664	66100.796875
240201.66	2186740
240247.8	2172791.75
240313.104	46552.40625
240745.854	2242056.5
240790.776	156114.078125
241037.454	2325586.5
241083.6	2343291.75
241148.868	365879.84375
241278.882	132322.046875
241537.236	25061.07421875
242109.348	16924.9296875
242794.554	2935960.25
242827.848	13587.470703125
243625.818	4143221
243659.088	284149.34375
243798.15	23150.111328125
244114.11	119712.6953125
244353.612	20048.435546875
244713.642	10557.8369140625
245216.472	10756.7724609375
245782.212	2592551.5
245815.02	261061.703125
245958.642	231272.75
246081.084	101256.8671875
246310.242	5921.1416015625
247060.212	2612587.25
247093.296	136383.234375
247315.32	107276.609375
247597.428	36053.5078125
248078.112	17688.966796875
248841.36	9838.482421875
249619.062	2713576
249662.52	99517.5859375
249907.962	92684.203125
250219.014	20141.36328125
250570.968	25251.98828125
251200.254	4133428.25
251243.79	25959.28125
251662.146	109041.421875
251927.16	16706.7578125
252690.342	17198.984375
253380.054	6695522.5
253422.6	27934.56640625
253615.314	15818.7099609375
253862.454	5018152.5
253905.852	1161998.25
253967.382	1079188
254016.966	463159.625
254076.006	356548.3125
254175.354	375538.5
254268.96	104140.9375
254418.198	155451.59375
254574.324	30691.93359375
254863.242	26861.533203125
255300.654	4921904.5
255344.406	4907551.5
255408.132	449557.0625
255506.586	81237.3515625
255799.35	38342.33984375
256144.266	3388810
256189.8	3258256.75
256254.636	94084.875
256522.116	8951.5859375
257297.454	5714169
257341.206	5658932
257405.094	289431.6875
257463.264	1508842.5
257509.878	121945.3828125
257557.944	198392.171875
257606.754	271203.40625
257690.676	100014.546875
257891.652	106399.734375
258186.654	4074085.5
258229.932	14252.82421875
258641.454	3188744.75
258685.482	271442.25
258808.452	709468.125
258875.814	77251.171875
259147.254	2920841.5
259190.838	57974.27734375
259578.054	2655682.25
259623.006	2609285
259687.008	155224.109375
259892.118	127296.7734375
260113.254	2136816
260157.732	99321.1875
260399.454	2103520.75
260445.006	2184531.75
260511	2180834
260576.052	240610.828125
260760.96	1977369.375
260794.008	51299.37890625
261150.618	2150792
261184.416	12444.2841796875
261721.212	2750126.75
261760.782	2980252.25
261813.138	847034.9375
261890.61	124863.75
262069.812	2973594.75
262109.982	3187040.75
262161.486	53455.625
262320.084	75218.7265625
262621.212	2289647.75
262655.01	59476.9375
262837.932	17089.517578125
263484.294	5667.275390625
264253.812	1735825.5
264294.582	2040584.625
264347.874	187212.078125
264606.942	24941.484375
265210.068	2405047.75
265255.854	2599532.75
265321.236	274243.375
265462.446	143536.3125
265719.894	22348.078125
266495.454	3807667.5
266540.406	3983171.75
266604.822	90328.875
266900.298	112270.1328125
267111.648	5883571
267156.006	6309865
267219.246	2343669.75
267273.156	113620.40625
267334.824	390978.34375
267419.856	228254.46875
267554.628	354798.90625
267677.922	316753.53125
267847.188	17740.5546875
268270.254	3606973
268314.15	97301.6484375
268532.484	25234.416015625
268734.642	16880.44140625
268974.654	2144527.5
269020.806	2297678.75
269086.428	3116.28125
269884.848	9931940
269928	11634166
269989.854	4686225.5
270037.968	2148029.5
270068.394	377291.5625
270166.254	14256269
270208.206	13949597
270271.326	6300942.5
270315.288	143933.953125
270425.46	6359.546875
270878.148	10789500
270907.422	7415.7001953125
271282.812	7851455.5
271313.202	2381286.5
271371.024	1054429.875
271410.366	162531.25
271541.412	6826727.5
271572.144	494738.09375
271667.412	6067575
271705.188	6901707
271763.388	6994084.5
271815.042	177771.984375
271888.968	164373.421875
271945.962	114568.0546875
272012.364	185376.46875
272144.412	5873756
272182.182	6471263
272234.202	302633.3125
272368.812	5381234.5
272400.876	45306.81640625
272722.812	4119721.25
272762.388	4491996.5
272813.718	103256.1015625
273055.218	3229103
273088.92	80773.2578125
273383.064	32007.94921875
273549.654	22628.09375
273932.412	9947122
273962.508	79733.0078125
274247.412	12580645
274283.382	14218764
274332.942	5281275
274384.062	4821353.5
274408.5	2185528
274436.46	458450.21875
274503.852	225660.953125
274601.286	7510.4169921875
274856.868	10007026
274899.09	67751.1015625
275223.414	7245439
275254.104	15049.4189453125
275690.412	4922249
275722.554	315833.84375
275845.518	56862.828125
276177.762	24887.208984375
276577.812	7443012.5
276615.588	8376421
276667.794	368268.5
276727.176	309483.28125
276762.156	349638.46875
276825.642	63769.63671875
276904.662	7261555.5
276948.6	6177575
277013.526	162366.015625
277178.454	5681330.5
277224.048	5164754
277287.396	103532.859375
277383.054	4280971.5
277428.618	4376029
277493.19	19641.970703125
278291.454	3810297.25
278336.406	3542129.25
278401.662	452773.8125
278503.872	29338.529296875
278844.732	47829.76953125
279486.048	2469525
279531.18	16531.970703125
280079.916	115891
280252.854	2719129
280297.932	186983.09375
280572.348	2945081.25
280605.714	20337.8359375
281230.812	3757183
281263.794	102403.34375
281405.232	36238.328125
281912.886	54027.95703125
282241.212	3899875.25
282280.182	4322574
282333.3	151296.25
282406.47	109078.453125
282466.11	224085
282574.746	13977.0419921875
283222.812	2279013.75
283257.498	8890.9609375
284056.206	2255048.5
284090.844	90247.3671875
284377.212	2244724.25
284411.568	79573.7421875
284604.606	2466097.75
284638.542	42599.84765625
285303.606	3190001.5
285337.338	13692.75
285696.018	3314016.5
285731.376	22146.224609375
286036.596	15620.6142578125
286384.278	5138.564453125
286919.64	33770.7890625
287140.212	2360697
287175.546	32642.896484375
287462.412	2174688
287497.566	32764.068359375
288223.866	2362364.25
288265.188	2706256
288319.776	66122.53125
288619.206	2514750.25
288661.782	2721738.5
288722.982	3199891.25
288777.3	33384.1875
289098.612	2986133
289132.254	39691.73046875
289705.812	2212737.25
289740.9	105981.1328125
289904.196	12236.330078125
290160.648	18900.150390625
290387.586	4770.42529296875
290862.366	3216.1044921875
291633.006	1927648.75
291675.582	2359581.75
291736.188	3045953.5
291797.982	3796489.75
291852.054	53616.7890625
292010.412	8628694
292048.782	11572065
292106.988	15945575
292163.982	19536210
292220.382	24461690
292276.188	28874362
292324.842	2893835.25
292374.84	908882.9375
292411.134	1101595.25
292452.006	38292508
292484.982	45955548
292532.76	1575793
292582.548	1382692.375
292605.198	3103126.5
292627.728	2073251.375
292651.668	29921.400390625
292826.562	18006.583984375
293124.474	4993.4951171875
293582.274	18552622
293623.89	1626742.75
293670.066	160030.390625
293704.974	560319.75
293748.084	403509.1875
293792.784	117398.21875
293867.358	134244.984375
294034.422	5342.15576171875
294458.448	7122202
294502.8	6807884
294567.6	6461770
294633.606	6192292
294697.806	5770422
294763.2	5354944.5
294829.218	5598875
294895.206	5345068.5
294961.2	5247212
295027.2	5181733.5
295093.206	5480528
295158.006	5152175
295223.808	12486.2265625
296020.854	48103356
296059.806	54639972
296118.132	431957.28125
296167.068	32500.92578125
296313.06	14456.15234375
296468.34	14610.431640625
296838.654	53291416
296877.36	4333957
296919.756	3495952
296941.248	695126.9375
296964.126	788221.1875
296987.1	1591684.75
297009.702	1498074.625
297034.86	614809.6875
297065.316	461535
297131.514	16392.681640625
297288.054	23989408
297328.974	478784.46875
297455.388	31373.76953125
297634.728	6555.140625
297917.376	8716.3623046875
298298.574	2511.36669921875
298679.712	6033.138671875
299265.654	8224224.5
299311.206	8771693
299373.072	71089.09375
299503.38	80258.734375
299617.998	87573.0234375
299913.654	13947346
299956.206	13657899
300018.882	2649628.25
300067.578	920424.75
300096.534	632511.3125
300130.458	466882.59375
300175.308	75613.828125
300252.474	30903.865234375
300471.06	70042.15625
300732.45	3218.48583984375
301309.254	4485124.5
301355.604	15657.486328125
301707.654	4158297.75
301753.854	4291346.5
301819.638	20842.3125
302089.854	3865736
302135.796	17035.056640625
302557.248	3452699
302604	3536776.5
302672.166	3033.36743164062
303469.266	2936587.75
303517.206	2965655.75
303584.634	33562.5
303893.454	2712942.5
303941.406	2635650.5
304010.406	2675379
304078.806	2394886.25
304149.348	2577706.5
304209.582	2486313.75
304272.582	2348998.25
304334.982	2501604.5
304397.388	2313824.25
304460.388	2305452.25
304523.382	2262577.75
304587.618	2398290
304649.388	2422498.75
304712.988	2300381
304774.2	2353590.75
304835.982	2336918.5
304898.982	2316999
304961.388	2318888.25
305024.382	2259440.25
305086.782	2193210.75
305149.782	2183985.5
305212.782	2220660
305276.382	2129390
305338.782	2355070.5
305401.182	2185190.25
305463.6	2264271.25
305527.188	2197015.25
305589.582	2106094
305653.182	1999999.5
305716.8	2237874.25
305780.388	2067421.5
305844.024	2132601.25
305907.63	2048488.375
305970	2002446.75
306034.782	2142077.75
306096.588	2094824.25
306159.582	2132674.75
306222.582	2152973
306285.594	2214182.75
306347.982	2055301.125
306411.582	2111775.5
306473.982	2041017.375
306537.588	2078457.25
306600.582	2162391.5
306663.582	2088941.625
306726.582	2251256.75
306788.982	1928113.125
306853.782	2110891.75
306917.382	1935267.875
306980.988	1689733.875
307044.582	1944248.75
307108.188	2040736.875
307171.782	2048622
307234.782	2078078.75
307297.836	2070606.75
307361.382	1973528.75
307424.982	2055937
307489.2	2003791.625
307552.188	1994344.125
307615.182	2032166.875
307678.182	2084135
307741.182	1985520.75
307804.794	2015286.125
307868.382	2022000.375
307930.62	2991.986328125
308722.812	2006832.25
308768.388	2307622.25
308830.782	2319485.5
308893.782	2456337.75
308956.782	2338671.75
309021.582	2225558
309085.182	2459180
309148.188	2506392.25
309211.182	2516074
309274.182	2607924.25
309337.188	2673118
309400.182	2773725.75
309461.982	2720168.5
309524.982	2454925.75
309588.588	2893248.5
309651.582	2627610.75
309714.588	2837085.5
309778.182	2686897.25
309841.188	2718817.75
309904.782	2544582.25
309970.188	2802017.25
310033.182	2866750
310096.182	2974726.5
310159.182	2914056.5
310221.588	2794370.25
310284.588	2633165
310346.988	2670642
310411.182	2563760.25
310474.782	2588309.25
310537.782	2601466.75
310600.788	2547524.5
310664.382	2492870
310727.388	2576852.25
310790.382	2368127
310853.982	2430756.75
310917.582	2341740.5
310980.588	2534667.25
311044.182	2435060.25
311107.182	2372302
311170.182	2391971
311231.988	2413916.25
311294.382	1870527.75
311360.382	2025594.875
311425.188	2070296.75
311488.788	2083084.875
311554.182	2165161.25
311617.182	1872231.375
311682.582	2044589.125
311745.582	2114809.5
311809.788	1937034.875
311873.982	1822975
311938.182	1865274.375
312002.982	1989255.375
312067.188	1913928.375
312131.382	1886317.125
312194.988	1924382.125
312259.182	2008500.25
312322.788	1970207.875
312387.63	1924724.75
312449.988	1745072.25
312516.588	1791161.375
312578.982	1864718.875
312643.182	1744309.25
312707.982	1820466.5
312765.87	3922.17456054688
313563.612	1761881.75
313609.782	1758582.875
313672.782	1900734.75
313736.982	1788127.375
313800.588	1834464.875
313864.788	1865417.375
313929.582	1825733.75
313993.782	1831362.625
314057.988	1584772.25
314124.63	1758391.625
314186.43	1837698.5
314253.582	1746959.375
314317.794	1910373.75
314382.582	1863913.875
314446.182	1887851.125
314510.982	1843208.875
314575.182	1881896
314639.982	1844555
314704.188	1867599.875
314768.982	1854130.5
314834.382	1778271.75
314898.582	1834775.625
314962.182	1889219.875
315027.036	1977829.625
315090.582	1829959.625
315156.588	1861484.5
315219.588	1808251.75
315283.842	1860080.75
315348.582	1804463.875
315412.782	1939982.25
315476.982	1788465
315542.982	1796725.75
315607.2	1683859.25
315673.188	1777168.75
315737.382	1816558.625
315801.582	1722884.625
315866.988	1819019.375
315931.788	1770544.25
315997.182	1856204.375
316061.382	1832132.625
316125.582	1899235
316189.782	2001287
316253.382	1921009.625
316318.182	2006774.625
316382.4	2066504.375
316446.582	2032883.25
316510.182	2076453.25
316574.388	2127092.5
316637.982	2126316.75
316702.182	2191293.25
316766.424	2206545
316831.182	2247977.5
316895.382	2263219
316960.782	2376516.75
317024.982	2395974.25
317089.188	2694880
317151.588	2663098.25
317215.182	2652169.75
317278.182	2931161
317341.788	3088315
317404.188	2903222
317467.182	3008687
317530.182	3272098.25
317592.582	3177015.25
317655.588	3111740
317719.782	3388715.75
317781.582	3520781.5
317844.588	3058163.25
317908.818	3390022.5
317971.182	3751632
318034.182	2783443.75
318095.388	3768618.25
318157.182	4136595.25
318219.582	3802333.25
318281.382	3565128
318344.982	3714651.75
318407.382	4201636.5
318469.782	4104271.5
318530.982	4042953.75
318593.982	4014745.75
318656.388	4269542
318717.582	4091657.5
318779.382	4132534.75
318841.782	4731010.5
318902.982	4428322.5
318964.782	4217901
319025.982	4354333
319087.782	4412570
319148.982	4432861
319210.788	4259048
319273.188	4133382.5
319334.382	4025929.25
319397.394	4013375.25
319459.794	4156526.25
319521.582	3774451.75
319584.594	4184938.75
319645.182	3759396.75
319707.588	3348988
319770.582	3633343.75
319832.982	3605554
319895.382	3484348.25
319957.788	3011235.5
320021.982	3488570
320085.582	3090601.75
320146.782	2988674
320210.382	3016218.75
320273.382	3087556.5
320335.782	2580805.5
320399.988	2839356.25
320463.582	2911157.25
320526.582	2656956.25
320590.182	2458430.5
320654.382	2547001.75
320718.588	2555906
320782.182	2604066.5
320845.188	2485813.25
320908.182	2333553.75
320973.588	2331939
321037.782	2422072.5
321100.782	2369180.5
321164.982	2088151.375
321229.2	2298394
321293.388	2232776
321357.582	2392752.75
321420.582	2167920.75
321484.782	2354942.5
321547.782	2301633.25
321611.382	1683237
321674.382	2019502
321739.188	2052790.75
321803.382	2319225.75
321867.588	2228637
321930.588	2094987.5
321994.782	2209998
322058.382	2233102
322122.582	2163865.75
322186.188	2172686.25
322250.382	2096120.25
322313.982	2161860
322378.188	2093102.875
322442.982	2032817.5
322507.182	2058971
322571.382	2260457.5
322634.988	2151701
322699.182	2204694.5
322763.382	2006891
322829.388	2025583.625
322887.276	6689.13623046875
323684.412	1910167.875
323729.988	1987711.875
323793.582	2224382
323857.782	1277435.625
323920.788	1923087.875
323986.2	2079918.5
324050.382	1993825.875
324114.582	2102691
324178.188	2081468.125
324242.982	2115312.75
324307.182	2068363.5
324370.782	2111074
324434.982	2185905
324499.182	2160299
324563.382	2269413
324628.782	2294872.75
324691.2	2254529.5
324755.382	2407003.25
324818.382	2181764.25
324882.588	2217226.25
324946.188	2203538.75
325009.788	2167731.75
325073.382	1983184.125
325138.782	2275453.75
325202.982	2220753
325266.582	2016382.5
325330.782	2086371.875
325394.982	2242632.25
325458.6	2208572.75
325522.782	2122065.75
325588.182	2202020.5
325651.182	2320195
325714.782	2126453
325778.982	2136458.75
325843.182	2256232
325907.382	2338084.25
325971.582	2296919.25
326035.788	2146699.75
326099.382	2232466
326164.182	2516368.5
326228.382	2351609.25
326291.982	2253612.25
326356.782	2408584.75
326420.982	2456177
326484.588	2441313.75
326548.782	2424599.25
326611.782	2410282
326677.788	2317471.5
326741.388	2566591
326805.588	2454160.75
326869.782	2545517.75
326933.382	2508060.25
326997.588	2430440.25
327062.382	2568495.25
327126.582	2571986.5
327190.188	2515851.5
327254.4	2602138.5
327317.982	2526057.25
327382.182	2459150.5
327445.788	2621485.25
327508.188	2384519.25
327572.988	2354707.25
327637.188	2584472.75
327701.382	2447661.75
327764.982	2476363
327828.582	2406656.5
327892.182	2507513.75
327956.394	2366041.5
328020.582	2486046.5
328084.782	2345380.75
328149.582	2451589.75
328213.188	2464313
328277.382	2388757.5
328341.582	2599501.5
328404.582	2475881.5
328468.788	2382961.75
328532.382	2508082.25
328598.382	2482025.75
328660.182	2436668.25
328724.388	2472224.75
328788.582	2471059.25
328852.782	2529596.25
328916.982	2582023.75
328981.188	2502875.25
329045.382	2497580
329109.582	2555276.5
329173.782	2562810.75
329237.982	2396027.25
329302.782	2544672
329367.024	2647265
329432.382	2669845
329497.182	2605734.5
329561.388	2622982.5
329625.582	2603565.25
329690.382	2786816
329753.982	2658134.75
329818.788	2763538.25
329882.982	2831340.5
329945.988	2921660
330009.594	2808698.75
330073.788	2727435.5
330138.588	2778074.25
330202.782	2845905.5
330266.382	2930973.75
330329.982	2974467.25
330395.982	2993799
330458.382	2997392.5
330521.982	2881111.5
330586.788	3128688.5
330650.388	3073565.5
330714.582	2943064.75
330778.782	3304858
330841.782	3217120
330898.584	248003.34375
331085.412	3055664.75
331130.4	3331153.5
331192.788	3251947.5
331256.982	3514849.25
331320.582	3417384.5
331383.582	3343939
331447.782	3759289
331511.382	3665290.75
331573.782	3592437
331636.782	3806711.25
331699.782	3736979.5
331762.782	3861675.5
331825.182	4266602.5
331888.182	3777794
331952.382	4207603.5
332013.582	3742221.75
332077.182	4198395.5
332133.006	158436.109375
332385.012	3850459.25
332429.982	4266102.5
332491.782	4404297
332556	4550777
332617.182	4524864.5
332680.782	4463272.5
332742.582	4611367
332805.582	4986672
332867.982	4771201.5
332930.4	4924969.5
332992.782	5202596.5
333055.188	4980817
333117	5194514.5
333179.382	4919738.5
333241.782	5056306
333303.582	3419956.5
333365.382	5013798.5
333428.382	5614403
333490.182	5494485
333552.588	5197164.5
333615.6	5731247
333677.382	5853995
333739.182	5626200
333802.188	5829790
333863.982	6076667.5
333925.788	6238749.5
333988.188	6469989
334048.782	5923323
334110.588	6207870
334172.988	5999119.5
334235.382	6380626
334295.982	6251324
334357.836	6425425.5
334412.796	47985.203125
334981.812	5720621
335026.182	6406236.5
335087.382	6156390
335148.582	6250412.5
335209.782	6350728.5
335271.582	4166598.5
335332.788	6602147
335394.582	6310877.5
335455.782	6421785.5
335518.182	6341414.5
335579.388	6602239.5
335641.788	6639415.5
335702.982	6289337.5
335765.382	6830566
335826.582	6899274.5
335888.382	6620079
335950.182	6930465
336010.782	6752224
336072.582	6844875
336133.782	4646903
336195.582	7411940.5
336256.182	6688882
336317.382	7092630.5
336378.588	7079325.5
336440.382	6638086.5
336502.836	6535946
336563.982	7035588
336625.788	6720702.5
336687.588	6644550
336749.982	7240670.5
336810.588	7149538.5
336871.782	7256796.5
336932.988	4021505.5
336995.382	7144994.5
337055.982	7448495.5
337118.382	7459489
337178.382	7719125.5
337239.582	7852716.5
337300.182	7900581.5
337361.382	7355235
337421.988	7429333
337483.788	7481118
337544.382	7688013.5
337606.182	7193377
337666.8	7212804.5
337729.782	7849925
337789.83	7721755.5
337850.988	7785951
337912.2	7590731.5
337973.982	7870040.5
338035.182	7761257
338096.988	8234960.5
338157.6	7940642.5
338218.782	7756842.5
338279.382	8319531
338339.982	7981915.5
338400.582	4385478.5
338461.782	8464448
338521.782	7680379
338582.982	7921791
338644.182	8615846
338704.782	8435596
338765.382	8475300
338825.982	8772291
338886	9009933
338946.582	8568582
339007.182	8683495
339067.782	8483305
339121.602	13223.4990234375
339871.812	8550238
339913.182	10286580
339971.382	8099726.5
340033.182	9335508
340091.982	9527653
340152	8992533
340211.382	9171055
340271.982	9902334
340330.782	9628951
340390.194	9918684
340449.588	9789831
340508.982	9672616
340567.182	10213169
340625.982	10670648
340684.188	10599963
340742.388	10241029
340800.582	6224352.5
340858.188	11039542
340916.382	10150514
340974.588	10872590
341032.182	11263817
341089.182	11454648
341140.716	438254.8125
341352.612	9152849
341389.782	11649774
341439.906	496732.28125
341592.57	1497.67907714844
342205.41	104581.28125
342696.612	11892819
342727.692	388156.09375
342897.012	11646165
342934.188	12547950
342992.994	8038338
343049.988	13176253
343106.988	12322834
343164.582	13085138
343222.188	12670681
343279.782	12427905
343337.982	12083695
343396.182	12685500
343453.782	13976484
343511.382	13402769
343569.582	12775322
343627.782	12812771
343686.582	12619650
343744.788	12407725
343803.582	11992592
343861.83	12472357
343921.188	12804578
343979.388	12473868
344038.182	12085840
344097.582	14209497
344155.782	12720019
344214.582	13139476
344273.988	12846081
344332.782	13122800
344392.182	12593409
344450.982	12165985
344511	13396996
344570.382	13142117
344628.582	13114373
344687.988	12736192
344746.782	12857166
344806.782	12963917
344865.582	12736271
344924.994	13683231
344983.836	13046409
345043.188	13085199
345101.982	13469851
345161.388	13353029
345220.782	13473402
345278.988	14083406
345338.382	13444852
345398.382	14325484
345456.582	14376602
345514.782	14270811
345574.182	14789597
345633.582	16189824
345691.2	14117661
345749.388	15116020
345807.582	15563599
345865.83	15787556
345924.582	16076105
345982.782	16328715
346040.982	16324407
346099.182	15614262
346157.382	16068525
346214.988	14875183
346273.782	15794228
346331.982	15304450
346390.782	15388961
346448.988	14351316
346507.782	15024451
346566.582	15145314
346625.382	15134939
346684.182	13994500
346744.188	13994016
346802.982	14594249
346862.382	13765021
346921.782	14459670
346980.6	13829173
347039.982	7130313
347099.382	14612147
347151.93	154191.125
347329.206	12714980
347369.982	13676678
347428.188	13678880
347488.194	13846261
347546.982	13864634
347606.388	13178837
347665.788	14214224
347725.188	13184663
347785.188	14070713
347844.588	14077389
347903.43	13767455
347962.788	14357553
348022.782	13829541
348082.182	13828111
348141.582	9812374
348200.988	14164615
348260.382	13575214
348319.782	14197632
348379.182	13250200
348439.182	13831182
348499.182	14431459
348557.988	14701559
348617.382	14446382
348676.782	14234342
348736.182	13851741
348796.182	14781088
348854.982	14399798
348914.382	14677646
348973.782	14475886
349033.188	14456584
349092.582	14522956
349151.982	14838433
349211.382	15419139
349271.382	14546487
349330.788	14728745
349390.182	14673741
349448.982	14700632
349508.982	14584080
349568.388	15698903
349627.182	15589431
349687.182	15263036
349746.588	14238248
349805.388	15630602
349864.782	15464671
349922.982	15866827
349982.982	15032376
350041.188	15539154
350100.582	14634187
350159.988	10551250
350219.382	15755865
350278.182	15399825
350337.582	15430944
350396.382	15759506
350455.782	14525222
350515.182	14823190
350575.182	15108869
350634.582	14565169
350693.982	15609248
350753.382	15011514
350812.782	15345953
350872.782	15323509
350932.182	14777009
350991.582	15327204
351050.988	15594064
351110.988	15594281
351170.382	16277596
351229.188	14950205
351289.182	15155814
351348.588	15178284
351407.982	16140391
351466.782	15459404
351526.782	15762924
351586.188	16157916
351644.982	15780789
351704.382	15777817
351763.782	15222299
351823.188	16976852
351881.982	15403112
351941.982	16026060
352000.782	16450175
352053.45	15079.205078125
352851.024	15160176
352891.188	17219538
352949.988	17357896
353008.788	16937726
353067.588	16812680
353127.024	17110158
353185.788	16357782
353245.188	16082340
353306.436	16355952
353364.582	17945418
353423.382	16210782
353483.388	16714913
353542.188	16223358
353602.182	16623565
353661.582	16777174
353720.982	16490039
353780.388	16771390
353839.782	16607632
353899.182	16812138
353957.982	15830956
354017.382	17183204
354076.782	15605640
354136.788	15881800
354196.182	16143879
354255.582	16009568
354314.982	16662989
354374.382	16506654
354433.782	16822366
354493.182	16171335
354552.582	15636401
354612.582	16244816
354671.982	15878005
354731.382	15233608
354791.388	15718652
354850.788	15596105
354910.782	16326206
354970.182	15823231
355029.582	15931200
355088.982	15856431
355148.388	15412007
355208.382	16136819
355267.782	15592883
355327.782	15595293
355387.182	16024219
355447.182	16626671
355505.982	15974149
355565.382	15899938
355624.782	15386968
355684.782	15880185
355743.582	16042419
355802.982	15457905
355862.382	16442241
355921.788	16424241
355981.182	16264392
356039.982	16260294
356099.982	15264248
356159.388	15367177
356219.382	15573517
356278.782	16530710
356338.182	16068866
356396.988	15570679
356456.382	15746066
356516.382	15824417
356575.782	15147284
356635.782	16126767
356695.182	16246863
356754.582	16533394
356813.388	16503630
356872.782	16522687
356931.582	15838884
356991.582	15321620
357051.582	15709649
357110.982	15705266
357170.382	16534461
357229.782	15677071
357289.182	14624280
357349.782	16441945
357409.188	15793856
357468.582	16088702
357527.982	15784982
357587.382	16002464
357646.788	15810707
357705.582	16892974
357764.982	16208039
357824.382	16837934
357883.182	16530439
357941.982	16099549
358001.382	17109448
358060.182	16809686
358118.388	17006750
358177.788	15938912
358237.182	16877418
358295.988	17161730
358355.988	17078536
358413.6	17654906
358471.788	18098934
358530.582	17317840
358590.588	17870674
358647.588	16696331
358706.448	16933588
358764.582	17204012
358823.982	17676520
358882.188	18126802
358940.388	18721900
358998.582	19351290
359056.182	19348436
359113.788	18236328
359172.582	17978070
359230.182	18725246
359288.382	19199820
359346.582	18616866
359404.188	18102258
359462.982	19217580
359521.182	19799210
359578.182	19826292
359635.836	19467108
359693.982	19172950
359751.582	19666126
359809.182	18162556
359867.982	19491164
359925.588	19788606
359983.182	20113462
360040.782	19298350
360098.382	18828144
360157.188	19136300
360214.182	19313482
360274.182	19948484
360330.582	19133026
360389.382	18263424
360447	18735198
360505.188	11735642
360563.382	18081216
360622.2	16962538
360680.982	18364652
360739.782	17256956
360797.982	18317138
360856.788	17597326
360916.188	17626738
360974.382	17670324
361033.182	16823962
361092.582	18355768
361150.782	17849942
361209.582	17471434
361268.982	17320268
361327.182	18109782
361385.982	18325346
361444.788	17384564
361503.582	17690126
361562.982	17980648
361621.182	18876450
361679.988	18105118
361738.782	18173378
361796.982	17967080
361855.782	9544873
361924.068	17056212
361980.606	17913288
362046	17489014
362111.4	18462732
362176.806	18301656
362241.606	19061286
362307.006	18649294
362371.806	18660952
362437.206	18808582
362501.406	18536142
362567.4	18954200
362631.606	18903718
362697.006	20798572
362761.806	18860106
362827.206	20513684
362892	20773888
362958.402	21286268
363014.382	22089612
363071.982	21891906
363130.182	22300958
363187.782	22959888
363244.782	22002998
363302.982	14554023
363360.582	22493732
363418.782	22992424
363476.382	23878426
363533.394	22447586
363591.582	23348380
363649.182	23101992
363706.782	22339446
363764.982	23687806
363823.182	23424852
363880.182	21628196
363938.388	20719036
363997.782	14219067
364057.542	20738476
364120.8	22289966
364184.406	22551722
364248.606	22361460
364312.806	22703366
364377.606	22681216
364441.806	22644034
364506.024	23421648
364570.2	24134546
364634.4	23534250
364698.012	23063184
364762.848	16817706
364827.006	23152956
364890.606	23398178
364954.806	22759588
365019.606	24601546
365083.8	24907852
365147.4	25932200
365210.406	23683582
365275.206	24931060
365338.8	25718830
365402.406	26221684
365466.006	24705110
365529.606	27292170
365592.606	25675494
365656.8	27340532
365720.406	27130150
365783.412	15291335
365847.006	29519258
365910	30442004
365974.596	31385472
366032.16	33123008
366091.206	32576848
366154.2	34273928
366216.024	35480520
366279.606	35152260
366340.2	36186432
366402	35870532
366463.806	34566904
366525.606	31708314
366588	35439044
366649.8	33617584
366711.606	32991026
366773.406	30574370
366835.2	32280716
366897.006	30676272
366958.206	29732632
367020.006	28042456
367081.2	27226620
367143	27210034
367204.206	26210474
367266.006	24447018
367326.6	24276230
367388.4	23163372
367449.006	23024424
367509.366	213031.453125
367650.054	25665384
367690.206	28696332
367750.206	30157752
367809.606	33611580
367868.406	32925788
367927.8	31548074
367986.606	29592622
368046.006	29470046
368104.8	28304302
368163.6	23761916
368223.006	21279718
368283.006	19327470
368341.806	16943086
368401.8	15747909
368461.806	15201170
368522.406	13386264
368582.406	12716014
368643	12323231
368703	11696438
368764.206	11211412
368824.206	10456389
368885.4	10371800
368945.406	10578423
369006.006	10869297
369066.006	10701212
369126.606	10371234
369186.6	11939407
369246.618	16319535
369304.806	13045430
369364.8	15730465
369426	20456934
369486.606	25077280
369546.618	27220744
369606.6	34090084
369666	32129096
369725.406	27012174
369784.806	22046606
369845.406	18626992
369906.6	16101005
369967.8	18178702
370027.206	12226780
370089.612	11904862
370150.206	10431052
370212.606	9614228
370273.806	9091082
370336.56	8070771.5
370390.182	6907636.5
370445.982	7551683.5
370500.588	7020373.5
370555.782	6790035.5
370610.982	8483266
370665.582	11015544
370719.582	11007164
370774.188	13127842
370828.2	12720716
370882.782	17566980
370936.182	17745956
370989.582	16007025
371043.588	17900670
371096.382	16859824
371149.182	13381501
371201.982	11050877
371255.982	11290903
371310.582	9854355
371364.582	11413366
371417.382	11496603
371471.388	13375891
371524.182	15149154
371576.982	12415123
371630.982	12588529
371683.782	14242069
371736.582	11975012
371789.388	10952338
371842.788	10437380
371895.582	10007428
371948.988	11428614
372001.788	11040217
372053.982	10408192
372106.788	8866844
372159.582	9377086
372212.382	8810183
372264.588	7012619
372317.988	7869296.5
372370.182	7215105
372422.982	8265777.5
372474.582	7945089.5
372526.782	7289917.5
372579.582	7593087
372631.8	9358953
372683.988	11733867
372736.182	12373705
372788.382	15286867
372840.582	18546988
372892.788	23297508
372944.982	36777644
372996.582	61193968
373050.354	94287656
373104.606	78367856
373160.304	412569.8125
373261.854	107109160
373297.488	13274.7119140625
373364.034	262485.625
373435.848	69482784
373474.2	142177696
373528.812	136351056
373585.806	95098088
373642.206	91733624
373698.6	72281712
373755	68106576
373812.018	79437192
373869.006	57901448
373926	85765152
373982.4	73735184
374038.23	5209.62548828125
374143.116	230053.796875
374238.054	91426760
374275.206	66150980
374332.206	56918392
374388.414	212968.3125
374510.448	68725352
374547.666	7775.43896484375
374628.732	167708.109375
374767.854	42856368
374806.206	51754448
374862.606	47457276
374920.806	43007836
374977.8	52802624
375036.6	43281416
375093.006	58060312
375150.006	34356112
375208.206	39990272
375265.8	51384908
375322.8	43646420
375380.406	39308184
375438.6	36789380
375496.2	46507724
375553.806	39986160
375611.406	35483196
375669.006	38218092
375727.2	36527744
375786.006	30682532
375843.606	35396584
375901.806	28386628
375960.6	31230326
376018.806	24610244
376077.606	30263934
376136.406	30119630
376194.6	37084960
376252.2	28092654
376311.006	32164180
376368.612	31059400
376427.406	32405024
376485.606	40576248
376542.6	48755020
376600.206	54129568
376657.206	40475572
376714.8	27260764
376773.606	34614196
376833.606	43690624
376890.012	25455614
376949.406	33655220
377007.606	41565108
377065.866	31025460
377122.806	31850448
377181.006	21618462
377239.656	438030.375
377335.86	212841.390625
377489.454	33193352
377527.2	21622510
377585.952	340100.125
377704.254	20025200
377743.8	27688584
377802	23043128
377859.786	19071.0078125
378117.054	20182984
378157.206	13426953
378216.606	20864008
378277.2	17821838
378336.972	17467872
378388.182	16907624
378442.182	21540812
378493.782	13311130
378547.896	376713.59375
378641.328	135725.625
378784.806	13976881
378812.106	153064.203125
379004.406	11665979
379038.582	20271606
379090.188	15546434
379143.588	15670944
379196.982	12655094
379250.988	13046125
379305.582	9538665
379361.982	11995896
379416.582	13295349
379470.588	14095151
379523.982	15655885
379576.182	15448261
379628.988	11930450
379683.588	15978998
379736.382	12260903
379790.382	13373368
379843.782	11740087
379898.388	11553078
379954.188	13463073
380005.782	9627450
380062.182	10188053
380118.594	12407223
380170.782	7731953
380229.588	10875732
380285.982	10132966
380341.182	14496416
380393.982	8096857.5
380452.188	12530470
380505.582	13402198
380559.582	9517290
380615.982	9892518
380671.8	10513013
380726.988	7452170.5
380786.988	7132998
380846.988	10510761
380902.188	9987625
380958.582	14143286
381010.182	9679557
381066.582	13909256
381119.388	15440485
381171.594	8394810
381229.182	8683692
381286.182	10746307
381341.382	13673238
381393.588	14529876
381446.382	8805541
381502.788	9580533
381559.182	10420402
381615.582	9802936
381671.982	9923449
381727.782	13647783
381781.782	9317590
381838.182	9595165
381894.582	8011568.5
381952.182	8472613
382009.836	11402546
382064.982	8519510
382122.582	17010704
382175.4	9241277
382231.188	9314209
382286.382	5772947
382348.188	9480751
382405.836	9264547
382462.83	7527644
382520.982	13442414
382573.782	7267050
382633.782	8937279
382690.788	14527473
382744.2	6833708.5
382802.982	10400952
382858.182	13551466
382911.6	12493204
382964.982	9986718
383017.782	7136469.5
383080.182	8572365
383135.982	12563219
383188.2	14748899
383240.982	7959574
383297.982	12617725
383350.8	6502026
383409.582	10925676
383462.388	7102059
383521.782	7326210
383579.982	7896128.5
383637.582	9153064
383693.382	7417132.5
383751.582	10330587
383805.582	5155110.5
383869.782	6438491
383929.182	7273607.5
383989.182	6404865
384048.582	6034659
384107.982	8033251
384165.582	9897108
384218.982	5481415
384279.588	6642711
384338.382	9311124
384392.382	11490857
384443.388	5660177.5
384503.382	10033665
384558.582	7316945.5
384614.982	5469784.5
384675.582	7251836.5
384731.988	3701368.75
384799.782	4844302
384862.182	4969781.5
384923.982	5848081.5
384984	6144911
385042.782	4359449
385108.788	4942195
385171.188	3799402.5
385238.982	6562278
385295.982	6428768.5
385355.982	7482444.5
385412.988	12851555
385467	5278285.5
385525.788	8682449
385582.182	5585713
385640.982	5269588
385700.982	6382801
385758.588	3918169.75
385824.588	4901111.5
385885.782	4805528
385945.188	6534236.5
386002.23	5078068.5
386062.836	4250298
386125.782	4287035
386189.388	5244693
386249.388	5362460
386308.782	6201754.5
386365.182	5579160.5
386424.588	5449139.5
386483.988	7295056
386538.582	4780535.5
386601.582	4655535.5
386662.182	3582565
386729.982	6665673.5
386782.782	3044013.5
386854.782	4134529
386917.782	5173021.5
386976.588	4305530
387040.8	3995837.75
387104.382	11911899
387156.582	10196051
387210.588	6160980
387269.988	13451397
387322.83	5630026.5
387383.382	5493499.5
387447.03	13181927
387500.4	9474305
387547.89	14732.544921875
387776.412	4897987
387817.836	3530921.25
387884.982	5670987
387943.782	4413118
388007.388	5260876.5
388066.782	6363083
388124.982	6474200.5
388180.782	5656219
388241.382	13937073
388294.182	5997172.5
388360.182	10091309
388415.982	12614233
388471.782	5868175.5
388533.582	5843603
388595.382	9630659
388648.788	3448387.75
388718.982	5739789
388778.982	4512123
388840.182	5892600.5
388893.582	4123906
388958.382	5361031.5
389021.382	7100388
389075.388	8845493
389129.988	4608632
389188.182	8361140.5
389240.982	4248255
389305.188	3648244.25
389373.582	7108319
389427.588	4298362
389491.182	4957234
389551.782	5709806
389605.782	3618888.25
389673.582	3687410.75
389736.582	3610666.5
389802.6	4609691
389861.982	4523559
389924.982	4944668
389980.782	8472053
390035.988	6763022.5
390082.416	35949.6875
390298.812	3914013.25
390341.988	4319410.5
390404.382	7045010
390458.982	4171578.5
390523.2	4079953.5
390589.836	4743287.5
390652.782	3780519
390718.182	5061854
390781.188	4408806.5
390845.988	6514648
390899.982	4645345.5
390963.582	6888167
391022.388	5415638
391084.2	8168123.5
391142.382	5252598
391207.182	12476054
391260.588	17173740
391307.892	26655.763671875
391612.212	9786972
391648.782	6830120
391710.582	5080603.5
391775.982	10278596
391832.382	9497042
391889.982	6924528.5
391952.382	8116341.5
392008.788	4803154
392075.982	5949787
392137.782	7179120
392198.382	9650352
392252.382	5709917.5
392317.182	5993341
392377.782	6281543
392441.382	6369605
392501.982	6779829.5
392561.988	5113215.5
392626.794	6401280
392688.582	4888357.5
392753.382	5137304.5
392818.788	5112149
392882.982	4415860.5
392948.982	6475614
393003.582	6104410
393064.188	5336392.5
393128.982	4769762.5
393191.382	4932547.5
393253.182	6790940
393306.582	4690897.5
393370.8	6290063.5
393431.388	10552994
393485.382	6051030.5
393546	7945968
393599.982	5537849
393653.382	4621604.5
393718.782	4515896
393784.188	5605204
393847.188	4029680.5
393907.152	8943.6416015625
394451.412	4777841
394497.582	4556801.5
394561.188	4476997
394626.582	8166788
394683.582	5526430.5
394744.182	4976626
394805.988	5218610.5
394867.188	4145665.5
394933.782	4940853
394996.182	4599259
395061.582	11676325
395114.982	4502814
395177.982	5238736
395239.182	6910725
395293.782	4853714
395356.182	6556685.5
395415.582	6824753
395468.988	4110645.25
395535.582	4050739.25
395600.982	4401241.5
395668.188	4326008.5
395732.388	7720040
395790.588	3674452.25
395857.782	5573071
395908.188	4068207.25
395977.182	4009051.75
396044.382	8379944
396099.582	10035285
396153.588	12585671
396207.582	3810249.5
396277.182	3728646.25
396342.588	3870557.5
396409.2	5464597.5
396470.382	7500601.5
396524.988	4713977.5
396586.782	6144045
396645.582	5353936.5
396708.582	4072492.25
396773.382	5188244
396834.582	3758755.75
396900.588	3831047.5
396964.782	3392952.5
397032.582	3793927.75
397100.382	3506600.25
397164.582	5978295
397217.982	5600171.5
397270.182	5531038
397325.982	4432822
397387.836	3543311.5
397453.188	4327348
397514.982	3671992.5
397579.188	4854328.5
397634.382	3402785
397701.582	3805777
397764.03	4948750
397825.782	5510578.5
397882.788	4152779.25
397947.03	4515086.5
398005.182	4305278
398068.182	5566160
398126.388	3538235.25
398190.588	3673150
398251.782	3252071.5
398320.182	3392968
398388	3640619.5
398453.388	3590492.25
398518.182	4317303
398576.382	3705231.75
398640.588	3869727.75
398704.188	4093310.5
398769.582	4731702.5
398829.582	3017584.25
398895.588	4690085.5
398948.994	3139946.5
399014.382	3387883.25
399078.582	4270865.5
399136.788	5964227
399197.382	7058118
399255.582	5735226
399316.782	10458762
399371.982	5092510.5
399435.582	4386029
399501.582	7626063
399559.182	3879927.25
399626.988	4292446
399691.782	9336964
399745.23	4819716
399802.182	5667482.5
399856.782	3969019.5
399920.982	2980857.25
399989.382	3231228
400055.982	2859588.75
400124.982	4031584.5
400191.594	3035228
400260.582	4241016.5
400316.988	4995169.5
400370.382	3926671.75
400433.382	4778060.5
400491.594	8016576
400546.182	5069170.5
400600.782	3985969.25
400664.382	3228203
400730.982	3058160
400799.382	8440866
400852.782	3653367.75
400918.182	5065217.5
400978.782	3589419
401041.182	3562666.75
401107.782	3115664.75
401175.582	5018722
401233.782	3355932.75
401299.782	4204388.5
401365.188	3530323.75
401432.982	4247398.5
401491.182	3578453
401560.182	4137761.5
401623.782	3151795.5
401689.782	4024415
401752.182	4469329.5
401816.982	4116156.25
401881.788	3852825.75
401945.982	5151772.5
402008.982	8871720
402064.782	12543098
402117.582	4814819
402178.788	3985444.5
402242.382	10835521
402295.182	4104843.75
402349.182	4908291
402412.182	4259115.5
402476.388	3500622
402544.182	3464508.25
402612.582	3405089
402680.382	3761453.5
402745.188	3551505
402811.782	5605989.5
402866.382	3997263.5
402929.388	4797595
402982.782	2782851.75
403053.582	3782855.5
403116.588	2914416.75
403184.388	3522928
403252.788	3140291.25
403318.182	6763864.5
403370.982	5001453.5
403424.382	4078714
403485.588	5665208
403542.582	2979110.5
403609.182	5041140
403663.182	3157995.25
403729.788	3043345.5
403798.782	2904031.5
403868.382	3928487.25
403933.182	3528597.5
403999.782	3011232
404067.582	8139379
404120.982	7344694.5
404176.782	3436371.5
404243.388	4015385
404305.182	3409488.75
404369.382	4150368.25
404426.988	5716810.5
404483.982	4975468.5
404539.782	4064702.25
404600.982	4133200
404664.588	12672039
404716.782	4258938.5
404782.836	4179958.25
404849.982	8902650
404904.588	5823687.5
404961.582	4525473.5
405027.588	8840817
405082.182	4619586
405150.582	6409249
405209.388	5178031
405277.782	9006425
405333.582	13435400
405385.788	5844705
405450.582	16202062
405503.382	6123833
405566.388	5333017
405629.982	10149839
405685.782	11511349
405738.6	16111303
405791.982	8118308
405847.182	6292165
405903.582	4710064
405968.988	4850989
406029.582	3922029.75
406097.382	6973975.5
406153.782	3872206
406222.188	4015498.25
406288.188	8388593.5
406344.036	5833603.5
406402.182	5069527
406467.006	5080387
406528.788	5381600.5
406591.782	9521490
406646.388	3853565.25
406714.782	3719079.5
406780.788	5282467.5
406843.182	4410686.5
406906.182	3952058
406970.988	8765990
407027.382	3992848
407089.182	5188725.5
407142.582	4261263
407204.388	4086503.25
407270.988	3717926.75
407337.582	4021003
407403.582	4219475.5
407466.582	4591539
407526.594	3976705.5
407591.982	6534234
407648.382	2490088.5
407724.582	6567354.5
407779.182	4896717.5
407837.982	4712729.5
407896.182	5662252.5
407953.188	4382034.5
408014.388	4048805.25
408080.388	4936990.5
408137.382	5830933
408193.182	6311827
408250.782	4048862.5
408313.788	2953845.25
408383.982	3136357
408452.982	4210502
408517.194	5249215
408572.382	4651867.5
408630.588	3249549.75
408698.982	4171901
408766.188	4646877.5
408824.988	4162946.75
408887.382	4220121
408947.382	5846723.5
409003.836	4470731.5
409066.788	6554773
409122.588	3540722
409190.982	3287238.25
409258.782	4123472.25
409322.4	4262039
409389.582	4484475.5
409447.782	3199128
409517.982	4881833.5
409575.6	5523815.5
409633.182	4486068.5
409695.582	3133546.5
409762.788	5519782
409823.382	3635114.75
409889.982	10498243
409942.782	4282019
410005.782	5020046.5
410062.782	5551879.5
410119.188	4586763.5
410177.382	6841369.5
410230.182	4504600.5
410292.582	6494956.5
410345.382	3922589.75
410408.382	3588430
410475.582	5539002.5
410529.582	5339842
410588.988	4057749.5
410651.982	3991231.25
410717.982	4794106.5
410777.982	3921995.75
410839.782	4049174.25
410905.83	4822846
410963.382	6855587.5
411016.182	5021808.5
411076.782	8021641.5
411137.268	4931237.5
411196.8	3167603.75
411273.006	4601214.5
411344.406	4195604
411412.806	4579148
411480.6	11225199
411539.406	3284256
411614.406	4456855.5
411681	4761531
411745.848	3479356
411817.806	4057775.75
411886.806	5095003.5
411950.4	3429824.75
412026.606	4307467
412093.806	4922458.5
412163.796	4425417.5
412220.982	4521961
412280.382	3424347.5
412346.388	3792065.5
412410.588	6045831.5
412469.982	5930411.5
412526.16	4634869
412590.006	4692362.5
412657.806	7029562.5
412723.2	3498682.25
412794.606	6210185
412860.606	6015401
412927.206	4214001
412996.8	4015575.5
413066.46	4555530.5
413134.206	4887972.5
413200.8	3434079
413275.206	4783250
413341.806	4287810.5
413410.206	3527887.25
413484.006	4121810.5
413552.808	3524226.5
413618.388	4628900.5
413678.382	3622767.75
413745.582	4139429.25
413812.782	4843953.5
413872.2	4145027.5
413933.982	3643602
413999.982	3541411
414067.182	5242383.5
414127.182	3640987.5
414193.782	5293656.5
414250.782	6305343
414305.382	3243837.25
414374.388	5002879
414436.782	4361525.5
414497.982	3802472.25
414565.788	3451534.25
414633.588	4356653
414692.382	3548298
414759.582	5394520
414820.182	4206597.5
414881.388	3718850
414944.982	4188249.75
415006.782	4477911
415067.382	3877938
415130.394	4187135.5
415192.182	6890324.5
415244.982	3504929.5
415311.582	4343680.5
415373.982	4841833
415435.782	3300194.5
415503.582	4406908.5
415563.582	7111494.5
415621.794	3561772.75
415687.782	5053452
415747.182	4579133.5
415813.188	4838548.5
415873.788	3502717.25
415941.582	3948400
416006.388	5116654.5
416065.2	7444752.5
416117.982	3909469.25
416185.182	3743330
416250.588	4057891
416314.188	4274226
416376.582	4692585
416437.782	5334835
416495.382	4563654.5
416557.182	3860643.5
416619.588	4750899.5
416680.8	4313080
416741.982	4171780.25
416805.582	3037867
416878.782	6393940.5
416938.182	4308703.5
417002.388	6098689
417064.182	4690094
417124.8	3882887.25
417188.988	4704199
417248.382	6715418.5
417307.182	4431422
417370.2	4935366.5
417430.782	6747066.5
417491.982	5999279
417550.182	6602353.5
417607.182	5166360.5
417672.582	7354289
417731.982	7137277.5
417791.382	6422407
417852.582	5797818
417916.788	10825534
417968.382	6040686
418031.382	5092797
418094.982	5947534
418153.788	4838828
418217.388	5856209
418277.382	4092112.25
418344.588	5571383.5
418403.382	5605106.5
418465.188	4035194
418531.782	3880065.5
418598.388	4080039.25
418663.782	6553523.5
418719.588	4064901
418783.182	6087505.5
418845.582	6764143
418898.388	8144655
418952.988	4357540
419017.782	4440540
419081.982	4297407.5
419145.582	7107091.5
419204.382	4452363
419267.382	3982436.25
419336.382	3534614.25
419405.388	5851952
419464.182	7599805
419521.182	5765586
419579.982	5659097.5
419635.788	5345850
419696.394	5255411.5
419756.988	5488837
419813.382	3552544
419881.188	8284417.5
419933.988	4890609.5
419995.188	5267865.5
420053.382	5775864.5
420109.188	5073532
420168.588	5201713
420226.788	4072357.75
420290.982	6388665
420352.182	3975443.25
420418.782	4537932
420484.188	5832177
420539.982	3855575.5
420608.988	6539946.5
420664.782	5818671
420723.582	5412309
420783.582	7965099
420841.182	9645652
420898.182	6403569
420957.582	6455442
421017.582	7772217.5
421074.582	5400409
421136.994	7224432.5
421193.988	4964608
421256.982	6375692
421315.182	5409799
421376.382	7117172.5
421433.388	4864930.5
421496.382	7481397
421552.182	4803964
421614.582	5903842
421673.982	5630199
421732.782	4894202.5
421795.782	5197523
421856.982	4913018.5
421920	5377826
421979.388	6038129
422038.182	5295602
422098.182	5768596.5
422156.382	5361193
422217.588	4264946
422281.782	4530262
422344.782	4554051
422408.982	4770348.5
422470.782	5057061.5
422528.982	4604777
422591.382	4799983
422654.388	5072716
422714.988	4581297.5
422776.782	4588397
422838.582	4973164
422898.582	4940942.5
422959.188	5061325
423017.982	4672823.5
423079.182	4943481.5
423138.582	4435091
423199.782	4276790
423262.182	4297219
423326.43	4712986.5
423388.23	6574083.5
423443.982	5385297
423502.188	4838340.5
423563.988	4700408.5
423625.782	4932790.5
423686.982	4538723
423747	5344094
423808.788	4255595.5
423873.582	4769197.5
423935.382	4959998
423996.582	4472101.5
424057.782	5188532
424118.382	5158829.5
424176.588	4417420.5
424240.182	4640942
424300.782	4546495.5
424363.182	5912954.5
424420.188	4925040
424480.182	4952497
424540.782	4168815.5
424604.988	5370771.5
424666.788	4371520
424730.382	4891564.5
424789.782	4338085.5
424852.182	4695632
424914.582	5105933
424975.188	5250783.5
425035.188	6588046.5
425094.582	5870427.5
425153.382	7073697
425209.782	5208611
425270.382	5723869
425329.182	6459592
425387.382	5170742
425449.788	4803221.5
425512.188	5209671.5
425574.588	5695257.5
425634.582	5787382.5
425694.594	5457262.5
425755.782	7315084.5
425813.382	5625172.5
425874.582	5409098.5
425936.382	6103357.5
425995.188	5447481.5
426055.782	5980278
426114.582	6303741
426174.582	7762728
426230.982	8728315
426289.782	12978041
426344.982	24320812
426398.382	27184168
426448.188	14284196
426502.788	29171230
426554.382	23590764
426605.988	26468870
426657.582	23992764
426709.782	28442830
426760.782	27983580
426812.382	28892474
426864.63	27565190
426914.982	28559796
426965.982	29731026
427017.582	29797390
427068.582	30460512
427119.582	28089052
427171.182	30200174
427222.842	32343998
427272.588	30875248
427324.188	28078078
427375.182	31980154
427426.782	27807188
427478.982	29917804
427528.188	32359460
427579.182	32207674
427630.182	32666934
427681.182	34253168
427731.582	29036656
427783.188	29243056
427834.182	30901464
427885.182	29230224
427936.182	26705414
427987.182	28586558
428038.782	33909284
428089.182	27867234
428140.188	29615988
428191.782	29458002
428242.194	29712910
428292.582	26473448
428343.594	26387238
428395.182	28064872
428445.582	23730082
428496.588	24565898
428547.582	23701784
428598.582	24612830
428649.582	22947966
428703.372	19038104
428757.612	17891194
428815.206	16465106
428872.206	14734598
428929.206	14330835
428986.218	11606024
429043.806	9574974
429100.812	9046935
429159.012	8517423
429215.406	7615826
429274.206	7043170.5
429329.406	7941401
429388.206	7569404
429444.006	6506521.5
429501.612	7079104.5
429558.606	6110814.5
429616.2	6431245.5
429673.8	6519927
429731.406	6080067.5
429788.406	6105395
429846.006	5625233
429904.206	5463262.5
429961.8	5190406
430019.406	5696896.5
430077.612	5555587.5
430135.206	5414193
430193.406	5392394.5
430251.612	5492014.5
430309.206	5424747
430367.406	5390009
430425.606	5382137.5
430483.8	5425308.5
430542.606	5506874
430600.806	6535404
430659.006	5890932.5
430717.2	6115842.5
430776.606	5975696
430836.618	6342771
430894.206	6978395.5
430954.2	7482340.5
431011.206	8350879.5
431070.606	8703393
431130.006	9959368
431188.806	11521857
431248.206	12641393
431307.606	14056217
431366.418	16532789
431426.454	16162958
431485.2	18001326
431544.606	18082308
431603.406	20663830
431662.8	18995046
431722.806	20308150
431782.806	21169584
431842.812	23848434
431901.6	23599166
431961	27202904

