MS:1000894_[sec]	MS:1000040	MS:1000041	S/N	peak_count
246.1505	604.051147460938	2	1.32426	26
247.166	500.050384521484	2	1.41044	36
247.8156	588.077697753906	2	1.79341	32
251.5196	700.063720703125	2	1.27756	23
252.6424	492.060577392578	2	2.29188	49
257.4202	684.089294433594	2	8.89931	67
263.5932	508.037170410156	2	1.4197	27
264.8365	588.074279785156	2	1.57238	23
268.3362	500.049285888672	2	2.01255	11
269.3367	604.050231933594	2	1.41256	22
270.0104	692.077941894531	2	1.70131	17
271.8035	700.0634765625	2	2.61329	29
274.7987	492.059204101563	2	2.45663	41
278.5404	684.087768554688	2	9.32053	73
282.349	780.1039	2	1.67521	25
287.7	508.036499023438	2	1.26354	15
290.1965	492.062103271484	2	2.45091	50
307.0124	796.075622558594	2	1.32192	28
318.351	500.049774169922	2	1.44291	18
328.8535	527.009338378906	2	3.57979	43
335.7102	508.0369	2	1.53857	28
346.8868	500.049713134766	2	1.22421	18
348.6317	492.0612	2	3.57472	42
356.0184	508.0376	2	2.93223	21
358.8814	692.077270507813	2	1.22741	21
369.1237	796.075012207031	2	1.53496	22
381.6623	604.051330566406	2	2.68064	21
384.4953	700.064392089844	2	1.22787	22
393.6294	588.076721191406	2	2.02406	19
398.9702	492.060852050781	2	3.33675	57
409.6287	500.049774169922	2	1.34729	22
414.2304	604.0504	2	1.41724	21
431.4565	508.036376953125	2	1.17059	24
452.9254	508.036834716797	2	1.22087	19
466.9729	500.050109863281	2	2.40076	23
509.8348	700.0636	2	2.17498	30
591.0349	604.05078125	2	2.16881	24
602.516299999998	527.010131835938	2	3.66109	34
682.852399999998	500.050231933594	2	3.61665	33
686.3688	508.036865234375	2	1.39174	17
689.6565	588.075744628906	2	2.36939	22
697.7583	604.049926757813	2	4.27335	23
699.814399999998	492.061584472656	2	2.88925	50
707.197399999998	500.049743652344	2	1.82971	25
708.4869	508.037658691406	2	1.77592	19
713.078599999998	588.074462890625	2	2.19894	26
721.462099999998	604.051635742188	2	1.69078	22
728.178100000002	527.009826660156	2	3.78792	39
772.246300000002	596.064514160156	2	1.70167	19
965.338999999998	500.050140380859	2	3.27423	29
1167.3174	451.497528076172	4	14.3482	322
1237.6909	448.914428710938	3	12.8961	333
1261.5603	448.914093017578	3	14.22	331
1269.9272	576.809020996094	2	8.64252	329
1284.8396	448.914184570313	3	12.8008	295
1291.0003	576.808776855469	2	8.51587	313
1295.3683	562.313659667969	2	7.60656	267
1311.6583	505.849243164063	2	13.8063	265
1316.308	529.866333007813	2	5.84837	105
1333.0139	471.793518066406	2	9.959	309
1339.444	467.623413085938	3	7.11242	300
1349.0188	413.596343994141	3	12.9562	330
1362.6192	505.85009765625	2	13.8113	276
1370.9689	434.578826904297	3	10.9113	383
1385.9121	400.6121	3	11.2514	377
1391.5647	434.578735351563	3	10.386	337
1397.0789	654.0306	4	9.22354	424
1400.7979	485.285919189453	2	10.6641	264
1409.8087	404.901763916016	3	14.4481	242
1410.6782	456.284240722656	3	13.8742	322
1414.6573	434.578125	3	10.9374	322
1416.1657	482.597900390625	3	11.8188	386
1421.0157	606.851989746094	2	11.4493	284
1426.4015	651.366760253906	2	8.27196	271
1429.4481	457.947845458984	3	12.5822	332
1432.2159	404.901916503906	3	14.196	240
1435.3888	434.578643798828	3	11.0854	308
1440.4106	482.597229003906	3	12.281	410
1444.0317	606.851867675781	2	11.0206	231
1447.9241	651.366027832031	2	8.19438	220
1450.8292	457.947601318359	3	13.4136	348
1453.2539	404.901824951172	3	15.5446	271
1460.9696	505.850036621094	2	15.1102	271
1466.0407	482.598022460938	3	11.3122	341
1470.9843	412.600463867188	3	16.4768	294
1473.6364	404.901672363281	3	13.9562	234
1474.4431	451.264007568359	2	12.9701	343
1475.8774	606.852172851563	2	11.8217	278
1484.6392	454.749969482422	2	8.8653	278
1493.9677	451.264465332031	2	11.6603	302
1494.8873	404.901824951172	3	13.1412	225
1495.808	431.60888671875	3	14.5882	314
1501.1404	601.875061035156	2	8.91457	295
1509.6368	401.583404541016	3	14.4637	259
1514.6818	451.264465332031	2	10.9982	285
1515.5455	426.940063476563	3	12.4205	329
1516.7505	431.609527587891	3	14.561	316
1518.923	404.9019	3	11.6154	293
1521.3234	412.601135253906	3	15.1393	226
1523.6657	601.87255859375	2	9.17534	319
1531.7712	401.583618164063	3	13.8126	253
1533.1968	498.638580322266	3	14.4778	293
1535.3578	426.940093994141	3	12.7345	263
1536.7893	455.2890625	3	14.676	333
1539.2413	475.284301757813	3	10.742	398
1541.1225	431.610778808594	3	13.3282	276
1543.0021	412.601959228516	3	15.534	247
1543.9514	475.281768798828	3	10.5008	459
1547.1556	460.619079589844	3	14.1094	315
1555.2185	401.5838	3	13.0724	267
1556.7514	426.94091796875	3	13.0317	262
1557.5982	457.277770996094	3	14.3094	352
1562.8603	431.610870361328	3	13.1522	288
1564.7758	436.280944824219	3	15.6698	251
1577.8895	460.618408203125	3	14.6724	281
1581.4959	550.275512695313	3	15.795	278
1585.6036	457.277252197266	3	13.9326	269
1586.5223	436.280487060547	3	16.1322	264
1597.3682	467.502044677734	4	11.3858	372
1601.8808	550.275207519531	3	17.6799	268
1612.1327	489.938293457031	3	9.99828	472
1614.8247	465.292144775391	3	11.8197	444
1617.4748	426.9408	3	13.7111	387
1622.6775	451.264190673828	2	11.327	304
1624.3005	412.601928710938	3	13.2856	320
1626.2492	427.940155029297	3	12.8737	342
1628.0611	524.327880859375	3	6.75739	199
1629.837	436.280578613281	3	13.2784	273
1639.0648	479.258209228516	3	10.6337	571
1643.5579	451.264495849609	2	10.7705	281
1647.8748	514.776672363281	2	8.94857	422
1659.2944	479.258453369141	3	9.45883	459
1662.8549	485.634368896484	3	12.9028	357
1688.2594	403.26953125	3	13.3121	341
1694.4745	491.771575927734	2	10.2237	308
1700.8308	454.287689208984	3	11.2998	404
1710.0473	494.789337158203	2	7.25729	163
1713.6713	544.665710449219	3	13.001	340
1715.9836	491.7724609375	2	11.7192	290
1719.5295	517.992553710938	3	9.72439	403
1723.1399	427.612701416016	3	14.6541	327
1725.8561	483.2880859375	2	11.9618	298
1727.5955	544.662414550781	3	12.6767	320
1735.4021	436.94482421875	3	15.6824	244
1736.8422	491.772583007813	2	11.2035	276
1744.6687	427.612731933594	3	14.2928	260
1746.1824	483.288452148438	2	12.1814	267
1747.1466	517.992919921875	3	10.5841	345
1758.031	436.944549560547	3	13.7401	252
1766.5636	483.288208007813	2	12.422	270
1767.5499	502.314270019531	3	11.523	435
1772.9765	491.772186279297	2	10.858	276
1774.0005	478.634216308594	3	10.3114	406
1780.3228	448.955596923828	3	14.2654	281
1781.2321	495.612518310547	3	10.3333	350
1782.3076	453.747497558594	4	9.87698	481
1788.0869	483.288482666016	2	12.2368	267
1789.5243	411.259704589844	2	12.3719	323
1793.6342	491.772277832031	2	10.7244	305
1798.8817	424.266632080078	2	11.574	353
1804.1447	448.956268310547	3	13.7171	273
1805.6459	410.269134521484	2	12.211	244
1812.6228	672.0363	3	17.5817	246
1813.7539	552.329040527344	2	10.9807	313
1819.2045	467.292419433594	2	12.1007	294
1820.9995	424.266998291016	2	12.3715	313
1824.0326	508.2861328125	3	10.6523	397
1826.7038	410.269165039063	2	12.1461	236
1828.2994	420.235931396484	2	12.8944	240
1831.6902	472.623596191406	3	13.5973	333
1833.5691	552.329284667969	2	11.4254	278
1834.581	672.0367	3	17.0561	230
1836.6138	453.747222900391	4	10.2	411
1839.6256	467.292510986328	2	10.5387	207
1840.4337	650.0346	4	9.59203	440
1845.8718	403.261932373047	2	10.9632	297
1848.2745	604.664489746094	3	8.2762	338
1850.1852	420.236267089844	2	12.2462	246
1852.0146	472.623229980469	3	13.3978	249
1854.5803	552.328796386719	2	10.5018	268
1855.4192	410.269	2	13.0887	235
1859.7467	447.271850585938	4	12.1273	337
1861.525	467.292022705078	2	11.7581	237
1864.1128	459.786590576172	2	11.0403	338
1867.5549	525.81591796875	2	9.59289	388
1875.4498	552.328430175781	2	10.8912	261
1876.259	420.236114501953	2	12.9346	233
1881.5235	425.276397705078	2	12.1842	376
1884.2752	410.269104003906	2	12.9737	237
1887.0381	459.786193847656	2	11.097	306
1890.1544	483.778778076172	2	11.7557	439
1892.7053	597.298278808594	3	7.07323	397
1896.3361	420.235534667969	2	12.8171	251
1901.9238	482.297882080078	2	11.3518	300
1904.1116	560.976318359375	3	9.82975	363
1906.8815	541.9766	3	10.3795	450
1909.9124	459.785614013672	2	10.5157	311
1916.1579	501.804107666016	2	11.7457	323
1917.8573	488.298034667969	2	10.4224	382
1921.3667	554.813659667969	2	12.0109	383
1926.1133	560.97607421875	3	8.81533	410
1930.3992	570.630004882813	3	10.5151	405
1932.354	512.962707519531	3	9.90255	392
1934.1855	406.731689453125	4	8.91134	365
1938.8526	520.636047363281	3	8.78908	402
1940.3868	501.804534912109	2	11.1002	330
1944.6007	402.254028320313	2	13.8697	362
1946.3504	488.297943115234	2	10.7659	328
1949.1971	541.977294921875	3	10.7821	289
1950.0126	481.289978027344	2	11.9545	259
1951.4575	570.631286621094	3	11.2173	295
1954.1223	409.262359619141	2	13.1652	270
1955.0696	474.79296875	2	12.5328	316
1967.1897	511.787231445313	2	11.6735	314
1969.5635	467.291717529297	2	11.9753	324
1971.7058	428.0145	4	13.9165	330
1974.6735	474.792785644531	2	11.3559	221
1975.4375	409.262390136719	2	13.9273	230
1978.5725	435.933746337891	3	13.263	334
1983.3002	480.285247802734	3	11.6263	291
1988.0278	511.787811279297	2	10.9417	339
1994.9025	474.792785644531	2	11.3142	241
1999.3724	574.840270996094	2	10.8096	409
2003.8672	480.286743164063	3	10.1543	381
2013.3625	555.321899414063	2	14.6493	334
2017.6926	555.327209472656	2	15.2602	346
2023.4479	568.81298828125	2	10.4001	332
2035.4991	496.313140869141	2	13.1877	277
2039.3791	561.335266113281	2	10.8369	307
2041.7502	503.304321289063	2	13.8583	285
2042.7807	538.825256347656	2	11.0177	316
2044.8781	568.811828613281	2	10.4679	306
2048.7592	421.596862792969	3	13.6904	245
2056.046	544.944458007813	3	15.8085	199
2057.5985	586.316040039063	3	13.5558	358
2060.4677	408.958374023438	4	12.0495	515
2064.3926	503.304840087891	2	13.0698	246
2068.0588	478.777313232422	2	12.4136	275
2069.8959	421.596313476563	3	11.7637	282
2074.6271	558.978210449219	3	8.19595	334
2076.2478	603.35400390625	2	10.5189	288
2078.0562	544.9453125	3	15.8257	220
2084.3803	408.95849609375	4	11.6004	491
2090.3073	630.372192382813	2	10.7589	273
2097.0583	558.978637695313	3	8.07049	332
2101.6227	506.791046142578	2	11.1406	283
2102.5732	558.975402832031	3	8.3135	384
2106.9117	538.825317382813	2	10.8081	416
2111.9361	515.814086914063	2	11.3575	311
2122.6047	506.791656494141	2	11.3921	225
2128.9832	579.5546	4	13.4841	328
2131.69	439.262908935547	3	10.9495	315
2143.7272	406.746673583984	2	11.9673	350
2148.1815	484.965545654297	3	11.9323	346
2149.1937	639.362609863281	2	9.15849	341
2152.4706	439.263336181641	3	10.8908	317
2158.8282	593.0078125	3	11.1846	346
2165.3815	654.309387207031	2	10.0166	286
2169.6154	521.059631347656	4	13.1222	366
2181.1267	593.007934570313	3	10.1485	393
2187.9768	566.345520019531	2	11.6402	296
2195.8652	499.290679931641	2	12.0996	263
2202.3691	411.601745605469	3	13.7218	291
2203.3825	649.365844726563	2	9.92124	302
2208.7222	601.670959472656	3	7.86038	364
2211.4673	442.268432617188	2	12.3356	297
2223.8736	501.2667	4	8.55492	427
2228.7918	413.756896972656	2	13.5075	221
2240.9452	585.335205078125	2	10.3843	258
2241.8275	643.886535644531	2	12.9692	259
2245.5885	406.751434326172	2	11.2471	343
2249.238	413.757781982422	2	13.2558	236
2258.675	406.749145507813	2	11.0657	354
2261.3099	585.335998535156	2	10.5283	241
2288.691	599.332763671875	3	9.42502	348
2305.7838	416.272155761719	3	14.9219	214
2310.1551	623.906616210938	2	11.1134	298
2315.8818	633.860534667969	2	9.77803	280
2326.3294	416.271881103516	3	14.8741	211
2336.3948	633.862243652344	2	9.96414	284
2349.5715	434.742584228516	4	9.9795	354
2354.0583	487.649200439453	3	13.0836	338
2360.5736	526.314392089844	2	12.1394	356
2367.5455	579.324157714844	3	9.18505	346
2370.5734	434.7429	4	9.65672	357
2373.2633	409.275726318359	4	11.9453	400
2378.4877	420.2584	4	10.2628	404
2389.83	470.280487060547	2	14.1749	259
2398.1298	553.644592285156	3	10.978	365
2401.6596	560.837463378906	2	11.9254	363
2403.7847	487.957885742188	3	12.2666	265
2410.0391	837.3721	3	5.02935	198
2449.3542	525.984680175781	3	13.1338	250
2455.5945	530.661987304688	3	11.7183	358
2463.167	416.273162841797	3	10.9882	281
2465.0028	467.329071044922	3	13.1124	348
2466.9602	514.2845	3	12.4084	319
2475.3431	525.9844	3	11.0746	442
2480.215	510.854614257813	2	12.5169	132
2483.7631	440.026275634766	4	12.0521	313
2487.3213	475.619384765625	3	10.339	344
2489.0995	514.283386230469	3	10.8029	498
2493.9799	499.67724609375	3	11.5233	371
2497.7738	586.367797851563	3	13.0082	239
2500.2328	580.9816	3	12.4852	316
2502.9617	440.2766	4	10.9494	321
2504.541	435.987121582031	4	13.125	236
2505.2851	418.296173095703	2	12.952	278
2507.7527	536.644165039063	3	12.4522	303
2509.4376	551.648559570313	3	11.3001	290
2511.0285	446.276824951172	3	11.899	220
2511.8862	413.985534667969	4	8.2824	449
2514.3055	483.299163818359	3	11.2068	279
2515.0935	573.027099609375	3	12.1301	386
2515.945	544.639465332031	3	9.55046	173
2519.5815	447.277374267578	3	13.1662	307
2520.3951	586.702	3	12.5402	263
2524.4559	534.311401367188	2	10.8907	206
2525.2048	670.416320800781	2	12.6947	225
2538.8331	421.604400634766	3	11.0441	402
2541.2215	447.278411865234	3	12.4716	265
2544.7575	534.311645507813	2	11.2503	189
2545.4851	428.7773	4	10.5208	464
2559.4495	553.643737792969	3	9.73686	315
2560.3155	418.792541503906	2	14.4973	156
2562.7087	539.610595703125	3	16.2544	218
2563.4536	573.025817871094	3	12.1352	308
2567.7328	501.645141601563	3	12.4965	210
2571.0849	404.959747314453	4	15.1908	357
2574.1035	627.5767	4	6.97205	335
2575.6482	504.7989	4	11.8714	290
2579.1195	475.335510253906	2	9.47068	162
2584.5456	539.610168457031	3	15.4104	179
2587.041	418.794097900391	2	12.7996	202
2591.0021	511.318298339844	3	11.0325	327
2596.8474	473.635559082031	3	12.3397	230
2599.3013	426.276916503906	3	13.0853	237
2605.5956	432.782562255859	4	10.8684	308
2609.0439	405.937103271484	3	19.779	204
2616.3645	614.369323730469	2	10.1323	166
2619.3501	473.635559082031	3	12.6218	221
2620.8473	501.645080566406	3	11.6378	336
2626.5645	469.963012695313	3	10.6275	250
2630.0016	405.937561035156	3	18.8244	178
2632.5574	527.649353027344	3	9.60972	366
2640.8677	509.847015380859	2	11.1708	141
2644.475	544.287170410156	3	13.1585	277
2647.039	420.94482421875	3	14.249	256
2648.0383	456.610717773438	3	10.5271	305
2652.2939	451.3168	2	11.457	200
2657.0418	446.2666015625	4	10.3707	356
2659.7023	564.352966308594	2	10.5922	88
2662.2015	435.768859863281	2	8.31907	136
2662.9772	573.0242	3	10.2084	386
2673.0118	410.530578613281	4	16.6855	224
2674.5516	612.881896972656	2	10.7266	229
2678.5202	446.266571044922	4	11.1216	302
2681.9568	616.835632324219	2	10.5006	275
2683.5164	435.769134521484	2	8.41866	114
2685.9795	446.268859863281	4	11.7205	293
2691.3065	482.638244628906	3	11.6074	275
2697.6372	446.2764	3	11.4854	245
2701.2224	463.537	4	10.9934	340
2702.9328	616.835815429688	2	9.86313	258
2704.4996	487.310546875	3	9.91765	306
2709.8352	460.944458007813	3	13.9441	225
2711.4494	564.352416992188	2	9.62904	113
2719.5778	425.617126464844	3	14.8144	209
2724.1575	544.633056640625	3	8.52487	378
2725.0563	573.0239	3	10.0422	438
2731.4596	470.628662109375	3	10.4875	388
2732.6119	573.027282714844	3	10.4335	418
2735.3205	529.78369140625	2	10.836	418
2738.7429	577.009338378906	3	11.2447	297
2741.384	425.616424560547	3	11.6855	353
2753.3694	832.0427	3	5.78111	234
2755.8916	529.783508300781	2	10.6738	410
2761.1806	690.352355957031	3	7.70459	267
2762.8978	582.322937011719	3	9.94469	257
2769.2348	405.936370849609	3	13.884	227
2775.9548	832.0436	3	5.38348	206
2777.4988	484.5308	4	9.36495	353
2779.2368	435.768585205078	2	9.44152	213
2792.7113	664.711547851563	3	8.94506	308
2798.9641	418.276763916016	3	14.548	283
2801.8568	467.961151123047	3	11.4771	340
2826.5019	507.318603515625	3	9.08931	328
2837.5876	589.674072265625	3	13.1881	321
2845.0294	559.329833984375	3	10.6443	387
2856.2146	503.978973388672	3	10.0687	381
2858.8823	419.748504638672	4	7.8457	152
2863.5989	533.635986328125	3	10.1569	329
2867.2983	559.329162597656	3	10.235	311
2872.7366	500.061248779297	4	13.1409	351
2876.2868	565.361877441406	2	14.4266	221
2877.0615	536.001892089844	3	13.5196	385
2878.455	512.631591796875	3	10.2526	386
2885.9651	411.997711181641	4	11.2172	305
2888.6112	437.30615234375	2	21.0792	229
2889.7762	509.9646	3	11.9067	344
2892.1669	446.948303222656	3	11.6496	298
2896.8857	565.361755371094	2	14.3102	196
2901.2559	529.290405273438	2	13.7679	254
2903.9247	526.296203613281	3	11.5102	293
2910.2534	567.31689453125	3	11.8157	353
2912.7636	614.030639648438	3	8.18585	299
2915.3746	434.949554443359	3	13.921	266
2917.2061	480.793762207031	4	12.519	287
2921.6547	529.29150390625	2	14.8203	190
2924.1763	457.0318	4	12.2957	306
2927.8001	577.391235351563	2	14.5183	191
2933.0863	555.377502441406	2	13.8889	254
2937.5695	434.948822021484	3	14.5497	215
2941.1278	447.956329345703	3	14.3143	190
2941.8235	591.877014160156	2	16.2927	224
2944.96	476.964019775391	3	12.4777	280
2946.6934	455.285217285156	3	11.5928	333
2949.248	598.894714355469	2	14.6053	227
2950.1598	577.391540527344	2	14.0157	204
2953.2627	671.433471679688	2	12.1836	191
2953.9948	583.89111328125	2	13.581	248
2957.0993	436.951477050781	3	15.4413	208
2960.6053	619.376831054688	3	9.67072	474
2966.2063	551.857055664063	2	14.489	196
2968.711	494.313323974609	3	12.6574	231
2970.2226	439.935089111328	3	12.3845	291
2973.728	424.25927734375	3	14.2935	210
2988.5455	541.87060546875	2	13.8562	181
2991.4785	452.628021240234	3	14.5868	194
2992.1781	470.635375976563	3	13.4267	222
2992.5347	499.639587402344	3	9.30506	345
2994.7908	439.932250976563	3	7.28386	186
2997.6151	623.5768	4	7.08624	304
3004.776	548.311157226563	3	11.0008	250
3010.9192	678.441345214844	2	10.4489	284
3019.889	660.055908203125	3	9.95517	202
3021.413	526.289306640625	3	9.11963	436
3023.0316	512.988830566406	3	6.06227	212
3026.4818	448.60791015625	3	10.4365	288
3038.2828	534.864013671875	2	15.6378	207
3044.5114	479.289489746094	3	10.4916	270
3047.1977	448.608062744141	3	10.8369	311
3048.8412	403.608734130859	3	19.0011	203
3050.4362	483.97900390625	3	13.0387	243
3053.8632	519.856323242188	2	14.0411	197
3054.5721	440.917297363281	3	10.8658	238
3055.0565	434.914947509766	3	11.0396	239
3057.5582	560.353515625	3	15.9045	289
3058.3216	604.913024902344	2	13.9698	196
3061.4596	513.987121582031	3	13.226	283
3068.6251	462.615905761719	3	13.0243	243
3074.8602	519.85693359375	2	14.1725	153
3077.2754	498.654815673828	3	10.3291	239
3077.9803	664.9111328125	2	14.5152	203
3080.1335	555.377136230469	2	13.471	246
3083.6447	443.608123779297	3	17.3528	185
3084.352	747.48095703125	2	12.0538	180
3084.823	426.926300048828	3	17.7744	271
3085.4457	470.636932373047	3	11.1224	304
3086.8133	470.63427734375	3	10.4869	322
3088.5391	533.324768066406	3	6.25167	148
3091.1527	528.651123046875	3	11.4638	240
3091.8462	503.319061279297	3	12.0069	239
3093.9504	662.420715332031	2	13.2713	192
3094.7532	406.225524902344	4	11.7974	263
3096.9547	535.977294921875	3	11.6535	276
3099.4159	441.947296142578	3	16.9832	163
3105.5933	792.474060058594	2	11.2284	161
3107.0813	546.623596191406	3	6.70958	179
3108.7157	410.218933105469	4	7.472	346
3111.2409	482.624328613281	3	11.9901	227
3112.779	528.6513671875	3	10.8458	215
3117.0327	503.319000244141	3	8.33966	233
3120.5135	441.946868896484	3	15.0184	221
3122.262	406.226196289063	4	10.1689	249
3124.8243	535.287	4	10.146	270
3132.9141	539.873413085938	2	15.5427	207
3133.6462	497.655731201172	3	15.2738	205
3134.0318	489.643859863281	3	10.9484	371
3135.491	476.966491699219	3	11.4269	255
3138.0159	437.952239990234	3	13.7549	338
3142.147	408.942413330078	3	17.405	231
3143.7007	608.399780273438	2	14.8203	255
3145.3815	612.912902832031	2	13.6702	213
3146.9485	402.938751220703	3	10.0434	183
3148.5107	554.9853515625	3	11.5146	276
3153.7799	539.873352050781	2	15.0047	165
3154.491	497.655364990234	3	12.2124	317
3157.6871	733.959716796875	2	12.8875	294
3159.555	405.934783935547	3	16.4528	249
3163.2324	489.643035888672	3	12.9624	244
3163.9841	408.942474365234	3	17.0315	218
3170.8556	402.938140869141	3	9.46498	207
3174.5535	539.8724	2	13.4763	380
3189.4889	462.285583496094	3	11.8142	280
3200.6413	528.651000976563	3	11.3369	248
3204.0467	408.268981933594	3	20.5376	245
3206.6994	519.856140136719	2	13.602	274
3210.3999	611.902160644531	2	12.9764	272
3212.9641	660.0302734375	3	10.699	254
3218.2168	427.290588378906	3	16.5856	266
3224.5776	408.269378662109	3	22.1438	158
3227.0806	436.623016357422	3	10.0954	310
3230.707	590.012878417969	3	8.5009	303
3232.2225	611.903076171875	2	12.1631	327
3237.7231	660.0299	3	9.77962	253
3238.4758	427.288452148438	3	14.3448	244
3241.8039	590.015869140625	3	7.14747	389
3244.343	405.935089111328	3	25.5357	168
3246.0028	467.6299	3	14.1587	264
3264.6925	658.046264648438	3	10.1456	285
3265.4323	542.844482421875	2	12.3324	270
3268.6747	576.991149902344	3	11.7412	241
3272.1023	493.7833	4	9.02019	305
3286.7626	658.044616699219	3	10.384	267
3292.9583	517.664123535156	3	6.13725	134
3300.2262	517.6614	3	8.03668	302
3301.1458	475.336029052734	2	12.7073	289
3307.042	542.9952	3	9.01351	272
3313.2824	548.804260253906	4	10.171	266
3316.7468	439.2435	5	10.6404	246
3317.477	697.844177246094	2	11.5999	293
3322.6407	697.847961425781	2	10.8597	200
3323.4607	407.9986	4	13.1788	240
3329.3764	810.9248	4	4.28694	135
3330.8703	528.650085449219	3	5.97989	172
3339.2383	579.808532714844	2	10.6732	370
3343.0106	697.846008300781	2	9.16414	236
3356.8595	539.640563964844	3	8.96733	218
3357.6766	474.0273	4	9.09986	367
3366.7764	491.285217285156	3	16.9314	239
3368.6108	576.5704	4	9.93152	296
3371.0628	567.814880371094	2	11.2021	276
3372.7339	532.313232421875	4	6.28688	138
3374.4619	550.949462890625	3	8.5677	305
3378.9247	747.929870605469	2	10.2184	245
3381.6008	496.296569824219	2	17.7618	214
3390.7427	679.0302	3	5.60376	314
3394.0854	1018.0363	2	4.0031	194
3394.9448	567.8161	2	10.7497	373
3396.5737	475.783111572266	2	11.0567	226
3402.422	523.0015	4	5.20894	395
3404.0872	686.354248046875	3	5.34964	379
3411.3384	679.03	3	5.54584	297
3424.9941	564.99853515625	3	14.018	334
3434.1239	510.630340576172	3	16.595	179
3453.5596	482.777160644531	2	12.1251	291
3459.2621	425.798950195313	2	9.09192	160
3469.323	649.8819	6	16.3677	232
3473.6355	586.351684570313	2	10.2069	112
3474.5218	482.781951904297	2	11.6772	258
3476.0151	482.77880859375	2	11.7352	310
3480.8128	634.351989746094	3	7.88849	327
3494.567	586.350646972656	2	10.6284	157
3501.0592	598.851928710938	2	11.0042	296
3505.9235	606.5667	4	8.67874	343
3523.3828	721.782	5	5.22429	461
3533.3477	623.876220703125	2	11.1522	289
3546.3214	819.946350097656	2	8.70167	211
3548.0104	562.328430175781	2	12.2566	237
3552.5029	653.0322265625	3	6.49687	217
3556.856	438.7625	4	10.4372	339
3559.6038	807.4409	3	7.22	292
3567.6933	584.681823730469	3	11.3159	306
3570.1836	721.7803	5	5.7121	443
3570.9317	562.327331542969	2	11.6141	240
3573.1169	653.033142089844	3	8.21961	192
3575.5447	521.787109375	2	10.761	327
3586.9424	525.350219726563	2	8.7751	95
3593.1809	576.343811035156	2	10.5587	187
3595.0383	576.340698242188	2	10.2953	196
3598.8452	564.341430664063	3	10.7445	194
3601.5404	531.335754394531	2	11.1827	215
3604.142	628.026733398438	3	7.93828	289
3604.9334	534.312133789063	2	11.7324	261
3606.258	634.682189941406	3	6.62431	226
3608.8098	592.336669921875	2	9.53898	142
3610.4422	435.962280273438	3	14.2573	161
3612.0892	868.1017	3	5.84975	197
3648.1778	754.406616210938	2	7.78864	356
3673.3493	626.7165	3	10.4422	374
3692.743	707.359680175781	2	10.765	319
3697.2552	616.385009765625	2	10.3996	128
3700.9335	616.38037109375	2	10.6388	125
3703.7886	673.6331	4	6.08884	280
3710.9483	525.307678222656	2	9.39697	335
3713.3012	707.360595703125	2	10.3634	244
3714.1611	560.343566894531	3	8.17365	239
3716.3244	608.838134765625	2	11.177	248
3718.8218	718.5787	5	5.62133	377
3723.17	504.633880615234	3	12.9113	271
3742.7249	554.8298	4	9.69948	332
3759.292	829.4365	3	4.10803	150
3776.7869	591.844299316406	2	10.4618	325
3781.5526	800.42626953125	2	10.1522	190
3784.3339	579.364379882813	2	11.261	187
3785.0787	862.7729	3	6.34577	231
3798.4616	509.777770996094	2	15.9457	281
3803.3362	593.351	3	8.90652	397
3805.188	579.364440917969	2	10.4489	147
3809.4931	516.783874511719	2	14.423	185
3811.3303	625.5729	4	5.01487	321
3812.8737	516.787414550781	2	15.388	235
3816.7493	520.768859863281	2	11.4112	293
3819.4339	509.77880859375	2	18.1198	163
3820.9223	472.263031005859	2	11.2488	235
3824.2126	686.7138	3	12.2657	283
3825.0439	500.771453857422	2	12.6647	323
3827.4772	541.3037109375	2	16.292	194
3828.3084	536.739074707031	2	7.41861	264
3830.7651	532.0269	4	10.4754	244
3832.3117	735.6296	4	7.28741	277
3837.5921	520.769714355469	2	10.0043	249
3840.2071	509.778961181641	2	17.5553	150
3840.9112	619.0744	4	7.48354	284
3843.0241	810.1008	3	7.54833	308
3845.5856	708.433532714844	2	10.223	240
3848.0694	472.623443603516	3	16.005	175
3848.8646	541.304626464844	2	14.9029	201
3852.9077	541.301940917969	2	15.567	216
3855.4763	673.6988	3	6.46833	308
3859.7614	1010.0387	2	4.15596	225
3866.0229	708.432800292969	2	9.81836	197
3868.5221	604.889587402344	2	10.3047	265
3873.9635	472.623779296875	3	13.9187	204
3875.86	673.6982	3	6.00661	264
3880.1672	564.8248	2	10.2142	317
3882.963	1010.04010009766	2	3.61049	195
3885.5556	564.821655273438	2	11.6026	342
3890.3821	403.595	3	14.2	241
3906.9167	632.046569824219	3	9.17949	267
3907.7829	593.851745605469	2	11.8563	256
3943.1865	602.5681	4	8.30025	272
3943.9317	436.773742675781	2	6.53998	95
3958.0987	557.68701171875	3	13.3028	228
3965.393	756.6646	4	13.6678	278
3966.1373	602.5671	4	6.81225	358
3970.2515	605.53	5	7.44651	324
3972.7672	862.7717	3	6.35429	227
3990.2215	665.0513	3	10.719	359
3993.6911	676.0684	3	7.73824	297
4010.1448	649.365478515625	2	9.67974	168
4023.1338	537.663146972656	3	10.4058	266
4027.5332	614.5997	4	7.12579	315
4030.9112	618.5928	4	8.13127	327
4036.1559	597.2929	4	5.61576	351
4041.4333	481.286224365234	2	9.51333	200
4046.2575	614.6032	4	6.78814	317
4048.7445	459.254974365234	2	19.8939	164
4051.4725	520.794799804688	4	7.92734	281
4052.2458	679.7098	3	7.84439	348
4056.447	526.537	4	7.73169	329
4061.9663	570.352966308594	3	9.10073	290
4062.7256	701.3852	3	9.56554	258
4063.9074	459.25732421875	2	19.6262	182
4068.7992	640.356	3	4.62946	142
4076.9972	602.695678710938	3	9.39977	311
4080.5464	721.9167	6	9.56258	347
4081.2409	866.0944	5	15.9683	235
4087.976	618.9273	7	6.52885	329
4089.4809	645.689331054688	3	9.97071	216
4090.2492	749.6531	5	7.43736	338
4093.3096	602.692260742188	3	8.739	235
4104.3195	721.9149	6	9.51723	327
4105.0122	609.1057	4	8.52781	252
4115.574	694.05908203125	3	8.88986	248
4116.3073	637.676818847656	3	9.90952	380
4118.578	589.659484863281	3	8.96797	238
4126.8905	629.348449707031	3	8.16205	227
4137.8419	804.4456	3	3.48718	78
4143.1612	694.058	3	8.70967	236
4147.5251	629.3497	3	7.27079	316
4155.0918	704.0628	3	7.46025	381
4159.6596	765.0942	3	7.64782	374
4160.4521	557.986755371094	3	12.3484	304
4162.9387	845.7668	3	5.71093	131
4165.4288	626.0222	3	7.60313	271
4167.0648	818.4188	3	6.63176	193
4179.944	557.985778808594	3	12.1048	252
4183.5508	574.0702	4	7.81136	308
4185.2081	513.985229492188	3	13.5606	237
4187.4404	818.4158	3	5.30187	201
4198.5862	763.0716	3	7.51723	177
4203.9008	517.30029296875	3	13.9792	280
4207.6763	633.0397	3	6.77681	369
4213.1766	615.6876	3	8.47812	565
4218.2956	500.306060791016	3	16.8168	182
4219.8545	763.0709	3	8.27043	144
4222.3138	521.342163085938	3	15.7755	187
4234.2861	607.684814453125	3	11.3245	226
4242.4271	476.788208007813	2	7.13133	191
4245.4535	521.341064453125	3	14.1669	202
4252.7658	500.306274414063	3	15.4219	182
4254.3016	561.2957	4	8.25435	328
4263.4937	857.4361	3	5.93364	165
4274.5294	595.659851074219	3	12.0583	328
4278.0309	850.485717773438	2	10.0559	284
4283.5894	598.99462890625	3	10.043	320
4289.9958	897.9849	2	8.35012	184
4295.5883	595.65966796875	3	12.4078	255
4298.0429	686.6013	4	7.71758	344
4304.3123	598.994384765625	3	8.70045	216
4305.0135	606.320068359375	3	10.8191	341
4307.2319	746.406372070313	2	6.04128	253
4310.8439	897.988037109375	2	7.69068	161
4311.6629	695.7362	3	10.7112	307
4317.6073	487.791351318359	2	13.2561	106
4318.6325	479.278625488281	2	12.6444	126
4321.5972	763.0697	3	7.44927	170
4324.1804	498.781982421875	2	10.7323	246
4326.0155	598.994262695313	3	8.76642	218
4326.7527	496.304290771484	2	16.0708	83
4338.3178	487.791412353516	2	14.7077	60
4339.0805	479.277984619141	2	12.8765	83
4345.0799	498.782257080078	2	9.25646	189
4346.1168	465.256774902344	2	14.065	237
4348.7407	496.305114746094	2	10.4279	101
4367.3717	571.812683105469	2	11.9015	308
4370.5195	465.257141113281	2	13.2588	223
4374.472	804.9016	4	10.2307	289
4378.9416	502.302978515625	3	15.2862	232
4385.3969	576.016967773438	3	15.1212	217
4388.1496	571.8134765625	2	11.141	242
4391.8892	565.335571289063	3	13.3881	248
4403.1858	502.304138183594	3	15.5749	186
4413.3942	518.317626953125	2	9.31808	173
4419.5641	509.805206298828	2	9.25111	167
4423.4668	889.4921	3	8.26322	284
4427.0048	667.3727	4	10.3415	282
4430.5497	479.284362792969	3	17.5603	164
4438.739	664.0341	3	7.40763	347
4440.4792	718.425964355469	2	12.9106	248
4441.4487	509.80712890625	2	9.25087	233
4445.4203	526.012329101563	3	17.8001	156
4452.6922	700.455505371094	2	12.9912	292
4455.9028	540.6001	3	6.23996	357
4457.6608	467.3077	3	18.1393	162
4462.4928	664.033935546875	3	7.12646	388
4466.3309	526.01171875	3	13.5677	198
4469.8082	556.354431152344	2	7.04644	72
4470.5912	700.460876464844	2	12.0151	216
4473.1079	521.341796875	3	17.3415	153
4473.8002	459.780151367188	2	7.05918	76
4474.1405	404.736907958984	4	9.43479	271
4474.6049	464.292266845703	2	12.5947	78
4477.0752	781.510192871094	2	13.6703	144
4477.7787	528.665771484375	3	12.8829	223
4479.8389	400.743225097656	4	11.3527	232
4481.4329	533.987854003906	3	12.1479	283
4482.2495	672.416625976563	2	9.16221	113
4485.74	486.739074707031	2	6.99079	179
4488.9095	792.498107910156	2	11.0783	193
4490.5939	556.353576660156	2	6.01223	63
4494.0291	521.341430664063	3	15.5454	143
4494.7201	459.779876708984	2	6.94449	71
4495.0809	404.735687255859	4	8.94174	238
4496.3857	464.292297363281	2	12.3338	87
4505.2087	574.001953125	3	13.3758	216
4508.6963	476.639739990234	3	15.642	245
4512.8161	467.957153320313	3	17.065	222
4522.4642	513.984741210938	3	13.7779	164
4525.2067	622.37158203125	3	10.6159	207
4546.8521	576.976501464844	3	9.87723	347
4551.3023	548.995727539063	3	12.0355	272
4552.7425	528.6674	3	12.527	282
4563.1232	804.7696	3	9.3943	260
4567.6265	730.0593	3	6.50168	306
4572.1351	548.996826171875	3	13.3512	242
4573.2077	831.4427	3	11.6115	271
4575.6419	553.320373535156	3	12.6501	239
4577.6677	603.8273	4	8.66456	296
4584.341	772.93603515625	2	8.14889	126
4587.3734	804.7723	3	8.27259	259
4593.9937	457.633178710938	3	20.3671	162
4596.8024	691.403442382813	2	8.63426	263
4600.3013	553.31884765625	3	12.3713	207
4605.1402	772.936706542969	2	7.83916	131
4609.2929	719.7488	3	7.19206	254
4610.1553	584.3276	3	9.54157	258
4614.6508	485.281555175781	3	8.86592	197
4618.1803	875.9884	2	8.86639	182
4620.173	661.1159	4	5.33403	309
4623.0593	781.504333496094	2	11.3622	285
4630.1437	584.328796386719	3	9.84227	206
4631.9246	629.1	4	5.38878	276
4636.8036	459.780090332031	2	6.77191	133
4640.3971	545.3142	3	11.2964	282
4660.743	838.468	3	7.06129	172
4666.2351	669.3672	3	7.50448	322
4672.9235	441.632659912109	3	23.9678	174
4677.0145	703.7245	3	8.80496	225
4679.6033	661.95	2	11.5068	327
4683.6138	490.30810546875	3	15.3912	206
4687.8323	669.367553710938	3	7.2066	279
4693.4918	441.632751464844	3	23.339	155
4696.2074	770.425048828125	2	9.62319	254
4700.6324	664.712097167969	3	9.22155	241
4708.9148	996.5615	2	10.5321	133
4710.0565	770.421081542969	2	9.56642	232
4720.9143	664.711181640625	3	8.50662	195
4723.428	792.7892	3	8.78582	219
4728.0092	588.9831	3	7.97023	196
4730.4713	588.9797	3	8.2227	203
4733.9769	547.6205	3	10.9242	372
4748.0118	820.9267578125	2	10.2711	216
4753.8522	521.339538574219	3	16.2661	175
4755.6856	547.621276855469	3	12.8182	228
4765.7868	573.991088867188	3	11.691	262
4771.641	583.736572265625	2	7.38405	226
4776.8145	860.483764648438	2	10.1987	177
4781.1117	578.639099121094	3	11.575	250
4788.5288	573.991760253906	3	10.6174	196
4790.3043	867.456787109375	2	9.57357	205
4797.8782	545.3054	3	5.72743	467
4803.4635	578.640014648438	3	9.46463	261
4809.1229	521.340637207031	3	16.9219	184
4812.1523	713.4109	3	14.3229	253
4819.6527	798.0955	3	4.34282	117
4834.2709	676.385986328125	3	8.43762	322
4835.716	652.891967773438	2	12.9362	232
4839.1573	535.307678222656	4	11.7441	289
4849.6469	882.941711425781	2	8.3872	153
4862.9492	713.4122	3	13.8726	261
4872.8049	581.0462	4	11.4148	286
4888.5186	521.339904785156	3	14.0876	219
4897.617	770.421203613281	2	8.70036	269
4914.0966	855.9506	4	7.18517	366
4918.9044	463.939788818359	3	19.1203	164
4921.908	695.403991699219	2	13.1569	203
4925.5019	481.911926269531	3	8.93426	272
4939.4717	463.939239501953	3	19.0349	150
4942.3479	695.404174804688	2	12.9207	209
4946.9907	602.340942382813	3	9.6569	238
4952.7746	745.7544	3	8.52464	302
4960.7416	569.6426	3	11.403	312
4965.2585	521.3406	3	12.7014	178
4974.8032	569.309326171875	3	12.0907	250
4978.1738	853.461486816406	2	10.9599	215
4987.3305	521.3388671875	3	17.6444	180
4991.9681	693.3864	3	10.5878	248
5009.5577	655.3712	3	8.31643	235
5022.4031	718.3864	3	8.07253	287
5034.1667	485.604034423828	3	17.3646	206
5039.7336	571.3378	4	8.00823	346
5047.1339	761.448547363281	3	8.50928	305
5054.7738	790.436767578125	2	7.41525	180
5057.0366	685.078735351563	3	11.6779	219
5061.7104	573.3267	4	10.9831	276
5067.242	527.29248046875	3	6.1468	132
5074.8833	742.939025878906	2	13.3637	380
5077.0083	790.436767578125	2	7.04273	124
5082.3887	573.3272	4	10.1787	234
5085.8378	769.4227	3	6.63679	307
5087.612	527.293334960938	3	5.74423	106
5090.3702	563.3315	4	6.67239	190
5098.0477	790.437377929688	2	6.74427	132
5116.2134	714.943115234375	2	14.6542	223
5123.3234	658.699951171875	3	9.50753	261
5126.6085	488.2919	4	12.719	296
5130.7766	744.6398	4	8.40824	322
5137.7735	992.5174	3	8.35842	183
5141.3338	701.418518066406	2	12.3771	194
5143.9212	658.701354980469	3	10.0839	243
5146.8364	485.919616699219	3	6.54749	389
5150.0921	712.409240722656	2	9.20193	255
5151.4095	480.595855712891	3	8.64317	272
5154.0807	667.905151367188	2	7.69381	211
5158.4851	475.26904296875	3	6.65782	304
5162.0576	701.417724609375	2	11.1158	181
5162.7733	692.906188964844	2	9.58455	383
5167.2393	485.919616699219	3	6.19955	283
5170.3567	712.407958984375	2	9.25544	273
5172.0172	480.595642089844	3	8.87161	260
5185.4453	783.1734	4	9.02763	219
5204.1145	634.3779	3	8.97211	275
5216.8284	790.440063476563	2	6.51366	185
5224.8288	634.378723144531	3	9.12075	254
5234.7095	649.857849121094	2	9.1503	275
5240.1304	797.446044921875	2	6.50578	178
5248.2022	612.882690429688	2	11.4991	193
5273.5352	667.8974609375	2	11.5826	224
5294.2305	667.897033691406	2	10.4901	186
5305.6819	567.8345	4	8.82404	380
5327.8319	552.997741699219	3	15.803	230
5366.9297	567.8339	4	8.48211	393
5376.6624	690.397583007813	2	16.3663	174
5393.6488	564.325927734375	3	16.0999	259
5398.1629	690.399047851563	2	11.0967	183
5424.7786	653.392883300781	2	14.8195	189
5438.5518	684.888732910156	2	8.46574	237
5457.6096	564.326843261719	3	16.3493	243
5459.8202	684.887939453125	2	7.73203	207
5470.5839	673.6979	3	5.36179	426
5483.3233	845.986083984375	2	12.4416	160
5492.19	564.326538085938	3	16.4034	220
5503.38	549.989379882813	3	15.6069	236
5525.1152	549.988159179688	3	13.8001	231
5541.1467	845.984924316406	2	13.6898	162
5549.0988	785.4169	3	9.29349	228
5556.2988	564.326599121094	3	15.8134	259
5561.5672	845.984008789063	2	14.8349	154
5565.3528	571.655029296875	3	11.5211	331
5576.5173	564.326416015625	3	16.2923	271
5582.7769	845.983581542969	2	13.7579	139
5612.9245	555.3287	2	9.63311	141
5632.3148	600.707214355469	3	10.7417	298
5646.0811	673.697692871094	3	6.48921	367
5651.3696	567.8322	2	6.19092	214
5705.9203	544.8203	2	7.53912	261
5719.7221	533.827392578125	2	21.1521	160
5725.7245	673.696166992188	3	6.5556	341
5746.9166	673.697	3	6.41894	316
5800.499	673.697	3	7.20195	364
5832.3676	567.353393554688	3	12.511	283
5837.9133	495.329803466797	2	21.5867	151
5847.6253	673.6967	3	6.74347	341
5868.6411	673.6974	3	6.86407	378
5889.8834	673.695678710938	3	7.37757	365
5910.4331	673.698	3	6.75516	349
5950.7197	673.6967	3	7.00071	344
5972.6511	673.6959	3	6.63032	316
5995.684	673.6968	3	7.12214	345
6016.15549999998	673.6968	3	6.81956	348
6040.7109	673.6965	3	7.55858	350
6061.9329	673.6971	3	7.46459	350
6081.5796	679.029	3	5.98379	400
6089.0892	673.6969	3	7.3033	354
6152.2866	400.236358642578	2	10.037	228
7088.68090000002	875.7721	2	3.98276	82
7113.0294	875.7635	2	6.99341	122
7165.7502	673.698059082031	3	6.98699	324

