MS:1000894_[sec]	MS:1000285	S/N	peak_count
0.4521	38385	4.55491	121
3.0537	1026984	5.26644	1261
5.0679	6903812	2.91442	2287
6.2379	10019923	2.44962	1501
7.25800000000002	15733226	2.45027	1796
8.24800000000002	17808646	2.35731	2357
9.2679	21347946	2.2783	4145
10.3179	23919296	2.28712	4181
11.3679	26302546	2.23558	4539
12.408	25798650	2.19929	4603
13.458	28940038	2.23073	4922
14.4979	30065292	2.20657	4820
15.538	12312811	2.28292	3552
16.638	14666191	2.23099	3952
17.7479	19267096	2.26054	3966
18.7979	22883392	2.23534	4240
19.8479	24290450	2.20369	4237
20.8879	27200780	2.18624	4366
21.9279	27072602	2.17871	4313
22.9744	27961668	2.20287	4142
23.8684	29153666	2.18131	4371
24.8077	29187746	2.16975	4238
25.6978	29830678	2.15919	4350
26.6177	29427876	2.15427	4356
27.5376	26990004	2.12422	4015
28.4476	26568044	2.16409	3949
29.3685	26693924	2.17036	3920
30.2876	25703112	2.16621	3837
31.1975	24629028	2.16641	3768
32.1177	24217228	2.15509	3765
33.0376	22568258	2.10812	3342
33.9476	22632906	2.19677	3474
34.8684	21223116	2.13964	3352
35.7876	19236890	2.1065	3353
36.7176	18689688	2.11269	3219
37.6377	18335490	2.12576	2942
38.5576	16953522	2.12899	3025
39.4876	16232914	2.14553	2934
40.4176	15647002	2.10699	2995
41.3576	15251676	2.16291	2902
42.2976	14757542	2.11105	2823
43.2176	15221102	2.08446	2948
44.1576	14023482	2.02398	2826
45.0976	14598363	2.08119	2904
46.0277	14433265	2.05758	3001
46.9776	14405059	2.01272	2806
47.8976	12968007	2.06326	2744
48.8476	14103970	2.04602	2797
49.7776	14120719	2.0839	2709
50.7276	13374253	2.06128	2484
51.6376	14494204	2.08088	2619
52.5684	13899429	2.0527	2405
53.4776	14356252	2.08341	2386
54.3976	15301382	2.11365	2367
55.3076	15914134	2.05903	2327
56.2076	16129565	2.0784	2166
57.0976	19160162	2.14164	2251
57.9876	16901544	2.04978	1788
58.8676	20536896	2.09545	1693
59.7277	21836842	2.05101	1472
60.6337999999998	24009516	2.03876	1375
61.5379000000002	25683436	2.05339	1313
62.4979999999998	28410576	2.0919	1266
63.4579999999998	25686758	2.05928	1068
64.3879000000002	25451250	2.06618	961
65.3379	27191596	2.04379	978
66.2878999999998	28376866	2.00602	976
67.2279	26364308	2.0505	920
68.1681	22546284	2.09698	939
69.1179	20479614	2.02842	1064
70.0687000000002	16170867	2.03082	1130
71.0278999999998	13818067	2.10191	1137
71.9980000000002	10850169	2.01807	1179
72.9778999999998	8699707	2.03669	1125
73.9780000000002	7138458	1.98844	1175
74.9779000000002	6809172	2.02289	1203
75.9879	6375715	2.02166	1215
77.0080000000002	5375762	2.00275	1149
78.0478999999998	4689478	2.08056	1061
79.0779	4559939	2.17049	1049
80.1280000000002	4000887	2.00666	1025
81.168	4268778	2.10741	1064
82.2279	3623580	2.12974	960
83.2780000000002	3656376	2.20624	973
84.3580000000002	3766564	2.05749	1108
85.4179000000002	3757804	2.10747	1052
86.4879	3922344	2.10393	1122
87.5485999999998	4047098	2.08235	1157
88.6279999999998	4400608	2.11673	1192
89.7046999999998	4040743	2.08104	1135
90.6576	3979879	2.06576	1091
91.5976000000002	3952188	2.04915	1125
92.5780999999998	3613780	2.02993	1064
93.5275999999998	3574609	2.10481	1116
94.4976	3376647	2.07091	1080
95.4676000000002	3066941	2.09671	1004
96.4476	3108559	2.15152	1023
110.6183	1607104	2.71913	738
111.3576	1757219	2.7031	705
112.3877	1577055	2.69768	685
113.4376	1745805	2.69359	729
114.4876	1651883	2.78958	683
115.5376	1731341	2.78979	737
116.5976	1690043	2.76129	745
117.6576	1627268	2.72059	706
118.7276	1655626	2.84294	707
119.7676	1562874	2.87862	664
120.8376	1615523	2.94622	679
121.8876	1644558	3.06874	661
122.9476	1429185	3.13571	581
124.0177	1518404	3.02255	678
125.0876	1518473	3.03408	650
126.1684	1441457	3.16943	633
127.2477	1501404	3.08522	675
128.3276	1436318	3.12733	635
129.4076	1424295	3.33854	592
130.4977	1461625	3.33638	620
131.5878	1393025	3.31143	610
132.6276	1404012	3.32432	602
133.7577	1478398	3.41999	619
134.8476	1306765	3.58185	522
135.9378	1465970	2.8242	724
137.0276	1467210	3.10441	585
138.0676	1558840	3.22979	561
139.0976	1589532	3.05422	589
140.1276	1708925	3.21793	560
141.1476	1597564	3.06352	571
142.1676	1649793	3.16924	589
143.1976	1827944	2.92559	637
144.1976	1813573	3.16852	574
145.1976	797974	3.02482	276
146.1976	1091071	3.70644	572
147.3777	984393	4.12863	468
148.5376	888202	4.00844	489
149.7576	977369	3.97541	540
150.9476	1427023	2.20452	1124
152.3161	1205107	4.77061	513
153.448	1275665	4.72092	575
154.7579	1215011	4.91336	538
156.028	1262645	4.83567	550
157.3179	1248461	4.82393	568
158.6189	1276342	5.16017	526
159.888	1349053	5.56511	508
161.1481	1269542	6.12452	434
162.4279	1614574	3.94543	322
163.4879	1327011	5.60011	424
164.7379	77668	2.21606	143
166.3679	12194	1.21224	96
169.2979	10674	1.19078	86
172.2282	10242	1.23467	81
175.1679	10964	1.2195	88
178.098	13485	1.20858	110
181.0279	11893	1.26304	94
183.9579	11889	1.30112	93
186.8979	13985	1.27853	109
189.8279	12251	1.21087	99
192.7679	14012	1.15934	117
195.688	12146	1.30056	94
198.628	10345	1.16365	85
201.5479	13546	1.21201	111
204.4779	9772	1.22406	76
207.4079	11154	1.25463	88
210.348	11845	1.25267	96
213.2779	11977	1.22505	96
216.2079	11374	1.17845	92
219.1379	9707	1.27825	76
222.0779	293721	2.28489	127
223.1779	197006	7.35416	355
226.1079	427031	4.62544	220
227.3879	186995	8.41173	305
230.3279	182089	7.44919	332
233.2945	168202	6.1054	365
236.0776	161817	6.50397	322
238.9176	173098	7.12064	327
241.7176	94338	1.2101	93
242.8336	895946	27.8857	420
245.7279	947325	39.2028	350
248.6579	979114	41.6691	316
251.5879	998647	44.3658	323
254.5179	1131603	38.5154	420
257.4579	1107997	38.8353	389
260.388	107273	1.2725	118
261.588	1022286	36.3856	416
264.5179	930515	37.7667	339
267.4579	974694	35.7379	406
283.6688	13622	1.26954	109
286.2679	11415	1.20843	92
289.1979	1148066	32.31	487
292.1279	33168438	30.7015	485
293.1179	35608592	28.0372	512
301.2088	35556780	29.7536	486
303.5888	33363926	28.6942	468
306.8787	33186572	28.5308	513
309.7987	31633504	29.9104	473
311.6888	31529504	29.5515	464
314.8888	30316396	27.0538	521
315.5379	30564530	32.097	458
316.5379	29906642	30.0922	484
324.3738	26361126	31.2371	437
328.2781	25164068	31.6159	462
328.8276	29128520	30.4699	457
329.7176	26293196	30.495	452
330.6176	29211376	29.256	520
331.5076	28654486	32.4292	468
332.4076	12201	1.31191	94
335.3755	11995	1.18885	97
338.168	11743	1.18697	99
341.0979	11091	1.22744	88
344.028	11045	1.19496	91
346.968	10563	1.18528	90
349.8979	12664	1.25407	102
352.8279	11997	1.19997	97
355.7579	10402	1.21215	85
358.718	807803	31.2186	370
361.6281	10365	1.18655	85
364.5579	9889	1.16663	82
367.4879	9808	1.19149	80
370.4279	10044	1.23602	80
373.3479	10747	1.25382	84
376.2879	11408	1.22675	92
379.2179	10895	1.23944	89
382.1579	12575	1.22662	102
385.078	3753391	11.4518	568
386.2679	12616	1.19681	105
389.1979	11055	1.21842	90
392.1379	9747	1.27922	75
395.0679	10300	1.2176	80
397.9979	154529	10.358	222
400.9279	12508	1.23151	100
403.8679	11416	1.24436	91
406.8079	12967	1.20364	106
409.728	8898	1.15796	74
412.668	12165	1.23385	96
415.5979	11931	1.17711	99
418.5179	12082	1.1939	100
421.4579	10992	1.26201	88
424.3879	9978	1.19327	79
427.3279	10455	1.23364	83
430.2479	13053	1.17839	108
433.1879	15051	1.22157	124
436.1179	10998	1.20988	89
439.0579	13265	1.19157	110
441.9779	7668	1.15058	62
444.9079	12973	1.20951	105
447.848	12291	1.18781	102
450.8079	9830	1.23512	78
453.708	11016	1.18356	90
456.6479	11752	1.18812	94
459.5782	687204	19.6748	480
462.5079	12212	1.21213	100
465.4379	11915	1.18935	98
468.3679	11926	1.18643	99
471.2979	11376	1.23445	89
474.2379	10569	1.18187	86
477.1679	13809	1.21038	113
480.0979	665767	17.0466	535
483.0279	13739	1.27556	110
485.9681	11549	1.24227	91
488.898	11671	1.23345	94
491.8279	1629373	14.348	484
493.3779	10325	1.24408	83
496.318	11997	1.24272	96
499.2379	12232	1.31023	93
502.1682	823832	23.5958	462
505.1079	12061	1.2199	97
508.0479	10352	1.24606	81
510.9679	10973	1.19498	90
513.8979	888043	22.6669	529
516.8379	13793	1.1963	114
519.7679	11623	1.22806	92
522.7079	14698	1.24077	119
525.6279	352125	14.1424	358
528.558	10655	1.22438	86
531.4979	12292	1.21946	100
534.4279	10905	1.21989	89
537.3579	9960	1.16159	82
540.288	13008	1.17952	107
543.2279	10858	1.20505	87
546.1579	12338	1.22218	101
549.0879	12387	1.20978	100
552.0179	10942	1.20653	88
554.9579	767176	35.6977	292
557.8879	10650	1.22	86
560.818	11762	1.21653	97
563.748	11421	1.15699	94
566.6879	297479	13.022	325
569.618	9800	1.21974	77
572.5685	12028	1.19107	99
575.4779	10864	1.20737	89
578.418	12545	1.21186	97
581.3379	663570	26.4651	361
584.2779	9666	1.21313	77
587.2079	12297	1.20376	99
590.148	12971	1.22956	106
593.0679	91669	6.05172	214
595.9979	8520	1.27793	67
598.938	12012	1.20595	98
601.877899999998	11422	1.30684	87
604.7979	8791	1.18376	73
607.728	11067	1.22719	90
610.667899999998	12776	1.14669	106
613.597999999998	8879	1.16687	72
616.5279	10163	1.21792	82
619.457899999998	13180	1.21321	108
622.387900000002	13968	1.24541	113
625.328200000002	683577	35.175	277
628.258000000002	10945	1.27075	84
631.187899999998	10843	1.20471	88
634.117900000002	10440	1.20679	86
637.057900000002	10347	1.2137	84
639.9879	773475	30.0584	372
642.917899999998	11136	1.22446	88
645.847900000002	11919	1.24552	95
648.787900000002	10071	1.27898	79
651.7179	10292	1.26688	81
654.648	12079	1.18774	99
657.577999999998	13707	1.26706	110
660.538699999998	11488	1.17609	93
663.438199999998	10682	1.22123	84
666.378100000002	582414	29.6199	305
669.307900000002	9697	1.26303	75
672.247900000002	12957	1.27522	103
675.167899999998	14846	1.25284	119
678.107899999998	10448	1.22645	85
681.037900000002	14722	1.1961	119
683.977999999998	12433	1.27744	99
686.897899999998	9784	1.254	78
689.827900000002	81762	5.3407	209
692.767900000002	11239	1.27985	86
695.707999999998	14206	1.25461	114
698.628	11915	1.22046	95
701.557999999998	278902	13.4586	298
704.497999999998	11582	1.27907	89
707.4279	11123	1.25818	85
710.357899999998	1131299	46.0102	353
713.287900000002	11797	1.25606	93
716.2179	10988	1.19779	89
719.1579	10846	1.21079	87
722.087899999998	272222	16.846	231
725.017900000002	8968592	36.3333	322
726.127999999998	8875119	37.6097	294
727.237900000002	8930689	37.7218	313
728.3379	9138440	36.9213	311
729.4581	8800964	37.2934	307
730.547899999998	8692904	37.1173	326
731.6679	8395864	39.7209	266
732.7779	8375439	35.7633	316
733.888000000002	8165107	36.78	287
735.007900000002	8202872	36.5067	311
743.928799999998	7224563	32.8283	307
744.707899999998	7211611	34.2447	311
745.8279	7098668	31.6235	351
746.958	7672443	31.5915	326
748.0779	6977171	38.1906	289
749.208	7061580	33.6364	327
750.3741	6520834	34.8757	292
751.3776	6736516	35.6581	301
752.417599999998	6568946	35.7957	288
753.4476	6704331	35.1283	298
754.4877	6699996	34.0979	309
755.5077	6607575	37.1961	281
756.547600000002	6683628	38.7518	274
757.577599999998	89896	1.20995	78
758.614699999998	14548	1.21305	117
761.5479	9403	1.19187	76
764.478	614928	15.8761	511
767.407999999998	10756	1.23622	85
770.3379	12940	1.25637	104
773.267899999998	706597	20.816	453
776.208199999998	9262	1.21644	73
779.137900000002	11385	1.27608	90
782.0679	666694	18.4411	505
784.998	13181	1.2242	107
787.937899999998	10930	1.21211	89
790.867900000002	14885	1.23372	119
793.798000000002	8890	1.16487	71
796.728100000002	140863	7.77494	263
799.667899999998	10447	1.19244	85
802.597999999998	11936	1.23247	95
805.528000000002	403455	8.7603	587
808.457899999998	10216	1.30757	78
811.387900000002	10093	1.22812	81
814.3182	373434	12.4727	426
817.247899999998	8906	1.23873	71
820.187899999998	11232	1.18476	93
823.117900000002	421833	10.4227	537
826.0479	9497	1.18875	78
828.977899999998	9646	1.22721	78
831.907900000002	727338	16.7456	560
834.847900000002	10407	1.23691	83
837.7779	11192	1.23579	89
840.708	10896	1.20881	88
843.637999999998	568652	21.3176	364
846.588700000002	11948	1.24413	96
849.5079	9856	1.16763	81
852.438	11335	1.2103	93
855.367900000002	11717	1.19637	96
858.307900000002	10101	1.19484	83
861.2379	11635	1.22226	94
864.167899999998	10617	1.22835	87
867.097900000002	301315	11.9212	375
870.037900000002	10905	1.27017	83
872.958	16467	1.20057	136
875.897899999998	585492	14.7754	513
878.827900000002	12636	1.25507	102
881.767999999998	12578	1.18823	103
884.687899999998	9475	1.27389	75
887.628	13045	1.22282	104
890.5788	474236	15.5962	418
893.497900000002	11845	1.26611	92
896.417899999998	11758	1.23939	92
899.347900000002	12723	1.2845	99
902.288200000002	10946	1.27705	85
905.2179	10444	1.21113	85
908.148	10794	1.16406	88
911.077999999998	8959	1.29348	69
914.017900000002	582597	14.8955	500
916.948000000002	11861	1.22134	96
919.877899999998	10345	1.16018	86
922.807900000002	9961	1.1559	83
925.747900000002	10184	1.19898	84
928.698	10369	1.21942	84
931.608	13085	1.26915	106
934.537900000002	624487	15.1711	529
937.4679	11857	1.20028	97
940.408000000002	10604	1.24112	86
943.337899999998	553443	17.6608	439
946.2681	8764	1.18859	71
949.1979	420211	9.87623	563
952.1379	10694	1.21133	86
955.067899999998	374490	9.0434	526
957.997900000002	10073	1.25591	80
960.9279	207310	5.00364	516
963.8679	13319	1.20503	108
966.798	12490	1.20554	104
969.727999999998	598377	15.0672	519
972.658099999998	10047	1.21724	80
975.598000000002	568468	14.0043	517
978.548800000002	11205	1.19479	90
981.457900000002	570068	14.1079	522
984.388000000002	10843	1.24275	88
987.3279	617093	13.6873	588
990.247900000002	13220	1.24091	106
993.1779	326463	11.4998	400
996.1179	11766	1.17256	98
999.0579	10386	1.27594	83
1001.9779	635270	16.5013	529
1004.9179	13853	1.23589	111
1007.8479	15772	1.23721	130
1010.7779	586368	12.9369	568
1013.708	11202	1.20543	92
1016.638	11335	1.18413	92
1019.5779	525819	17.7491	415
1022.5079	12437	1.22993	102
1025.4379	315046	12.2804	347
1028.3679	11352	1.23151	91
1031.2979	12884	1.21758	105
1034.2379	371522	8.61456	571
1037.1679	11495	1.25674	90
1040.0979	10388	1.18481	84
1043.028	450509	10.9121	553
1045.9679	13922	1.30375	107
1048.8979	9249	1.18427	76
1051.828	538568	13.4119	519
1054.758	12027	1.21713	98
1057.698	520372	13.2799	503
1060.628	11780	1.20638	96
1063.5582	528696	13.3983	508
1066.4879	12710	1.20932	103
1069.4279	516777	12.6113	553
1072.358	12686	1.19052	103
1075.2879	596028	13.7223	563
1078.2445	10839	1.17846	89
1081.0941	9364	1.26254	74
1083.968	672424	15.8092	550
1086.908	12363	1.20291	100
1089.838	359227	9.90817	468
1092.7779	239851	1.49965	113
1093.828	10997	1.23023	89
1096.7679	13276	1.26279	106
1099.6979	534780	16.2661	445
1102.628	450502	12.2314	474
1105.5679	2966773	10.0264	243
1106.6079	635748	16.2648	508
1109.5379	11987	1.17569	100
1112.4679	271456	11.0512	344
1115.398	13587	1.22819	111
1118.3379	13429	1.26582	106
1121.2679	504821	13.8839	477
1124.1979	478004	12.4116	498
1127.128	489344	14.1185	471
1130.068	527416	14.5325	488
1132.9879	526688	13.8231	494
1135.9279	520752	14.5954	467
1138.8579	528670	14.6772	481
1141.798	12811	1.16366	107
1144.7379	11691	1.19635	96
1147.648	4335424	11.7932	339
1148.7179	550316	14.917	483
1151.648	488589	12.9027	511
1154.6144	524989	14.17	498
1157.3976	486281	13.7265	468
1160.2176	577200	14.0095	543
1163.0376	477397	13.7037	449
1165.8676	10780	1.17041	90
1168.7538	233112	9.83428	332
1171.618	485042	14.2768	455
1174.5479	516714	14.6969	468
1177.488	526873	14.2236	481
1180.4079	189105	1.71998	89
1181.488	452084	14.5874	405
1184.4179	231587	1.62027	112
1185.4879	517020	14.4192	468
1188.4279	509782	14.4857	476
1191.3479	513657	14.1648	501
1194.2879	487414	13.7083	463
1197.2179	484203	14.1214	460
1200.1579	553018	14.0593	520
1203.0782	173883	1.63954	80
1204.138	469350	14.1281	440
1207.0779	481153	14.5783	428
1210.0346	468433	11.8155	532
1212.8376	438159	13.6592	442
1215.6476	465924	12.7638	498
1218.4684	79835	1.22919	107
1219.6737	466696	13.2864	469
1222.5588	509080	14.6383	456
1225.4979	477753	13.3324	494
1228.428	486338	13.8179	501
1231.3579	461035	14.2658	422
1234.2879	469055	13.8923	440
1237.2282	474723	14.4825	432
1240.1482	478600	13.8316	455
1243.0879	462814	14.5454	428
1246.018	472679	14.3519	436
1248.9579	475432	12.6173	510
1251.8779	462532	14.4009	425
1254.8079	453114	13.3152	464
1257.748	458253	13.8142	456
1260.6779	447148	13.6798	430
1263.608	467701	13.1053	473
1266.5853	514121	13.4171	497
1269.3676	479519	11.9028	546
1272.1876	461977	13.5304	457
1275.0077	448237	13.0856	460
1277.8276	450828	13.4124	435
1280.6576	75262	1.24795	98
1281.8338	527524	14.1331	511
1284.7479	387934	13.6629	370
1287.658	438965	13.2934	436
1290.588	139053	1.737	86
1291.708	469216	13.0603	479
1294.638	464544	12.6195	504
1297.578	11248	1.16686	94
1300.508	387619	10.1272	519
1303.438	454520	12.7708	470
1306.3679	451789	13.1874	461
1309.3079	449606	12.9641	469
1312.238	435300	13.0592	451
1315.1679	454886	12.5972	481
1318.0979	420084	11.4038	473
1321.0379	426660	12.5799	459
1323.9679	428497	12.5089	464
1326.8979	415891	12.4445	445
1329.8546	417885	12.2648	453
1332.6576	407181	12.7118	423
1335.4676	391347	11.7863	442
1338.2976	404120	12.4589	430
1341.1176	400044	11.5913	469
1343.9376	412834	12.025	471
1346.7576	628052	6.49511	214
1347.8876	378659	11.9505	439
1350.7176	392193	11.9403	448
1353.5376	379217	12.6493	391
1356.3675	384918	11.8686	428
1359.1777	421707	12.6353	446
1361.9975	423306	11.8065	493
1364.8176	360420	10.9038	437
1367.6476	401504	12.004	454
1370.4677	406182	12.1883	442
1373.2876	405373	11.747	454
1376.1077	442282	12.2778	474
1378.9376	406499	11.9014	472
1381.7476	402346	12.035	456
1384.5685	380728	12.5392	396
1387.3876	140513	1.23104	89
1388.4143	372771	12.5803	389
1391.308	398090	11.6301	468
1394.2379	392216	12.1678	424
1397.1679	399189	12.2277	437
1400.0979	396211	12.3319	433
1403.0379	84584	1.47615	105
1404.3079	389232	11.9474	439
1407.2479	388806	12.6846	405
1410.1779	2175050	11.5709	382
1411.408	386240	11.7523	452
1414.348	1266865	7.34396	164
1415.4079	371199	12.5093	392
1418.338	378602	11.2991	453
1421.2679	375104	12.2861	408
1424.2079	389754	11.5189	460
1427.138	386572	11.4366	448
1430.0946	350094	11.5192	397
1432.8876	353981	11.3651	418
1435.7077	350124	11.5467	406
1438.5376	371835	10.5612	477
1441.3476	306049	10.8096	379
1444.1776	320057	10.0002	433
1446.9976	343344	11.0309	418
1449.8176	337179	10.2727	432
1452.6376	463749	4.07956	209
1453.7376	324613	9.73674	455
1456.5577	327744	11.2449	398
1459.3776	345682	11.0576	417
1462.2076	337704	9.98039	457
1465.0276	212600	2.64117	136
1466.1637	355357	11.9095	403
1469.048	346782	11.1951	419
1471.9882	345630	11.9977	387
1474.9179	1854212	10.157	260
1476.0479	349345	11.9137	397
1478.9779	349017	11.6658	400
1481.9079	355345	11.4598	429
1484.8479	109467	1.57165	87
1486.008	339862	11.2278	415
1488.9279	335488	11.4131	394
1491.8679	340809	10.7621	431
1494.8179	341748	12.3195	379
1497.738	75891	1.45472	93
1498.9982	357660	10.515	481
1501.9381	305676	11.4231	367
1504.8679	337982	10.701	424
1507.8345	183982	1.20211	98
1508.7938	1682942	10.6496	298
1509.969	344303	10.4026	465
1512.8979	2313750	10.5421	377
1514.088	329264	10.6252	437
1517.0279	306719	11.366	369
1519.958	316661	11.0417	386
1522.8882	329254	10.6981	423
1525.8179	321575	10.7053	412
1528.778	320668	11.4086	382
1531.6879	316024	11.0076	385
1534.6179	324598	10.6461	423
1537.5479	1662350	9.66184	247
1538.6979	320633	10.1017	436
1541.6079	1592475	10.7296	289
1542.8279	317939	10.1839	420
1545.7579	303389	10.3364	399
1548.7179	292845	11.0283	369
1551.6279	319692	10.5094	423
1554.6053	296362	9.80208	406
1557.3776	307280	10.7391	376
1560.1976	266756	9.67555	366
1563.0176	272982	9.6863	370
1565.8476	290737	9.58553	405
1568.6676	279570	9.50958	393
1571.4876	134105	1.20666	77
1572.4939	293734	10.5942	380
1575.3779	289392	10.3123	380
1578.318	267258	8.90928	418
1581.2379	294577	9.77163	410
1584.1779	302601	10.2225	406
1587.108	2250370	10.5686	332
1588.2779	287389	10.3723	379
1591.218	1361792	7.23811	185
1592.2779	296336	9.74104	411
1595.2079	303195	11.0859	364
1598.1379	289077	9.69199	404
1601.0679	296749	9.45534	424
1604.008	292137	9.79228	409
1606.9379	288989	9.5969	419
1609.8679	1331759	9.87874	238
1611.0679	283179	10.0304	390
1614.0346	285531	10.1051	381
1616.8176	224549	8.81199	348
1619.6377	268387	8.75334	415
1622.4676	140347	1.43249	123
1623.5636	281254	9.7739	380
1626.4579	286508	10.3465	361
1629.388	255939	9.01931	388
1632.3179	276302	9.34821	388
1635.2479	278331	8.96223	429
1638.1879	1592700	9.42447	358
1639.438	291521	8.9784	446
1642.368	2198228	8.34574	410
1643.5279	279754	8.76429	440
1646.468	2204943	8.93724	396
1647.6282	275416	9.35485	404
1650.5679	2135186	8.71974	378
1651.7279	282827	8.9597	422
1654.658	301600	8.90316	381
1657.2579	261740	9.45342	371
1660.1879	276523	8.9626	419
1663.1546	110749	1.25523	100
1664.2137	278105	9.01308	420
1667.0979	271170	8.65392	421
1670.0279	249227	8.88811	381
1672.9579	289558	7.66117	515
1675.8979	865359	8.60007	404
1677.4279	281514	8.96782	426
1680.358	287002	9.12695	418
1683.2979	287707	8.48005	460
1686.2279	277346	8.64057	427
1689.1581	739658	4.89651	140
1690.2179	282418	8.57456	447
1693.1579	268056	8.99018	392
1696.088	287740	9.29285	419
1699.0279	302139	9.60028	404
1701.9479	60672	1.43923	80
1703.2479	132932	1.27258	75
1704.3279	285020	8.81179	438
1707.2579	286580	8.7371	442
1710.2246	280878	8.49401	437
1713.0176	272427	8.22399	438
1715.8376	207496	1.1878	111
1716.8538	273294	8.33517	443
1719.718	276567	9.15045	400
1722.6582	2282402	7.79509	423
1723.7979	269199	8.48939	422
1726.7482	146137	1.44269	99
1727.8479	278842	9.06792	397
1730.7979	263111	8.62327	409
1733.718	265133	8.46402	411
1736.648	284633	8.22053	454
1739.578	260981	8.65115	406
1742.5081	264078	7.9597	438
1745.4479	2185881	7.92048	390
1746.588	274408	8.4684	433
1749.5179	115697	1.31067	95
1750.688	242358	7.80585	402
1753.5979	267857	7.9515	451
1756.5379	254870	8.50758	399
1759.485	253232	7.22324	470
1762.2876	254925	7.36198	464
1765.1076	240500	7.20403	440
1767.9277	621531	3.77668	270
1769.0076	247960	7.64617	437
1771.8377	100642	1.23011	84
1772.9149	257638	7.97529	433
1775.7979	247532	8.03882	400
1778.7479	1986732	8.05994	359
1779.8779	255892	7.88237	433
1782.818	255530	7.87616	435
1785.748	250032	7.81516	424
1788.6979	249154	8.87967	366
1791.6179	1615266	7.77746	393
1792.828	257372	8.21399	406
1795.7679	257774	7.9175	435
1798.6979	251494	8.4291	384
1801.6379	240945	7.87731	399
1804.5579	245299	7.61332	429
1807.4879	238142	7.49466	402
1810.4279	241968	7.06799	446
1813.3679	252927	7.73067	433
1816.2879	241557	7.59504	428
1819.2546	230407	6.78828	453
1822.0476	166133	1.2204	86
1823.034	532201	7.87521	428
1824.858	2014808	7.64374	360
1825.9879	249434	6.96473	474
1828.928	258294	6.94551	498
1831.8582	248782	7.58221	437
1834.8079	230904	7.27246	424
1837.7279	241847	7.48535	419
1840.6679	249597	7.07407	477
1843.5879	211210	7.35526	371
1846.5179	242305	7.21676	436
1849.4579	1189467	7.64633	160
1850.5279	237817	7.85339	401
1853.4579	2029994	7.03385	384
1854.6079	231653	7.18881	422
1857.5279	237973	6.87358	448
1860.4679	241312	7.56755	427
1863.3879	224395	7.84935	361
1866.3546	213012	6.59224	411
1869.1476	216245	6.31032	443
1871.9676	212397	6.79933	407
1874.8076	145496	1.20447	122
1875.8538	233305	7.58811	409
1878.7579	231686	7.28716	412
1881.678	248000	6.72959	490
1884.6179	235113	6.67009	461
1887.5379	223488	6.76129	428
1890.4779	227119	6.63051	441
1893.4079	218067	6.83077	400
1896.3379	241250	6.15725	514
1899.268	225995	6.99816	424
1902.198	222115	7.52292	389
1905.1279	224342	7.34153	386
1908.0679	217141	7.58767	373
1910.9982	219545	6.90189	410
1913.9279	225313	7.38856	399
1916.858	223354	7.23459	396
1919.798	220202	6.73961	429
1922.7744	207898	6.4323	436
1925.5476	102176	1.21979	80
1926.6245	220939	7.5641	373
1929.4981	1774538	7.62071	313
1930.6379	227603	7.03217	427
1933.568	215982	7.26768	388
1936.498	226413	7.16766	409
1939.4279	130861	1.22658	92
1940.528	234574	7.4189	425
1943.4679	231546	7.4317	416
1946.3979	221581	8.09255	363
1949.328	234829	7.36978	422
1952.2579	228946	8.28404	367
1955.1979	228963	7.39581	413
1958.128	224675	6.95935	435
1961.0579	238141	7.13521	444
1963.9879	225368	7.09349	431
1966.928	178138	1.31479	109
1968.0179	219718	7.3835	396
1970.9745	214730	6.80144	407
1973.7676	244152	2.10649	136
1974.8545	213034	7.64394	368
1977.728	201752	7.57956	346
1980.658	211184	7.25721	378
1983.588	213727	7.20382	389
1986.5179	198164	1.29914	128
1987.6082	207740	7.36059	367
1990.5479	205056	7.41102	366
1993.4779	198442	6.9043	386
1996.4079	206526	7.02441	392
1999.3379	192800	7.20064	355
2002.2779	195580	6.56888	402
2005.2079	187101	6.67091	371
2008.1379	182067	7.3595	325
2011.0679	188410	6.31705	392
2014.008	186233	6.23272	378
2016.9379	202342	6.386	425
2019.8679	186408	6.70035	370
2022.8246	105828	1.24427	89
2023.8736	182837	6.42925	367
2026.788	237578	1.31042	127
2027.8279	187501	6.08751	414
2030.7579	178447	6.78855	341
2033.6982	1534352	6.40764	306
2034.818	175496	5.754	398
2037.758	179274	6.22615	386
2040.7079	1508138	5.8211	388
2041.848	184832	6.24998	395
2044.7879	183731	6.53185	361
2047.708	189477	1.37656	101
2048.7879	178343	5.50883	409
2051.718	182582	6.41846	358
2054.6479	197003	6.31672	410
2057.5786	197322	5.9058	439
2060.5181	188212	6.4077	378
2063.448	189914	6.07621	404
2066.3779	194246	6.1042	418
2069.3346	181443	4.86578	483
2072.1379	86333	1.22559	69
2073.1948	78451	1.33327	104
2074.4379	1742934	5.76469	385
2075.5579	194462	6.8134	368
2078.4879	183605	6.71502	353
2081.418	207190	5.64752	484
2084.3579	197072	6.39037	401
2087.2879	198424	6.22677	413
2090.2179	203302	5.68581	457
2093.1479	190168	6.61525	369
2096.0879	183710	5.26204	447
2099.0179	187352	6.06436	398
2101.948	1567241	6.25539	333
2103.0679	191801	6.09844	406
2106.0079	195749	6.39209	396
2108.9481	1088588	6.92332	221
2110.0779	194890	6.55942	376
2113.0079	187431	6.43086	381
2115.9646	167088	5.6282	377
2118.7776	176769	5.81422	386
2121.5876	183755	5.13097	467
2124.4076	172296	5.50489	392
2127.2276	179690	1.31215	127
2128.2736	191380	6.02723	406
2131.1579	176748	5.70668	400
2147.3787	275177	9.59393	391
2149.9779	296080	11.0745	367
2152.908	340784	12.5859	368
2169.1187	373512	13.7348	382
2173.8288	2022254	7.79491	306
2174.588	333466	11.1915	418
2177.5181	333001	11.102	430
2180.4579	314263	10.6435	418
2183.3779	2283486	10.151	276
2184.488	284781	9.09319	421
2187.4279	265982	8.6968	425
2190.3838	107066	1.24635	79
2191.4136	249847	8.97723	366
2194.288	253056	8.53189	400
2197.2279	235789	8.422	379
2200.1579	233567	7.45861	418
2203.098	226365	7.68911	391
2206.0179	224089	7.15962	411
2222.2387	200994	6.52224	403
2224.8382	209964	7.29276	384
2227.768	1907772	5.99386	399
2228.8879	183600	6.32619	370
2245.0988	198732	6.29285	410
2247.6979	972228	5.88416	220
2248.8179	188234	6.39502	380
2251.7479	192493	6.7163	367
2254.688	205844	6.66493	401
2257.618	206045	6.74163	399
2260.5947	194306	6.27854	395
2263.3676	195087	6.13851	411
2266.1876	1004883	5.98559	370
2267.3576	1058033	4.09069	301
2268.3776	186612	6.01	399
2271.1876	197230	5.34645	475
2274.0077	191391	6.09984	405
2276.8376	185141	6.3828	380
2279.6576	452361	2.0208	178
2280.6847	195114	6.53788	386
2283.5481	191934	6.33799	399
2286.478	199353	6.1019	421
2289.4079	189614	6.07118	411
2292.3479	195546	6.31903	395
2295.2782	179763	6.24534	368
2298.2079	186172	6.19815	379
2301.1379	189671	6.58754	372
2317.3588	183530	6.28927	379
2319.958	174302	6.36887	357
2322.8879	1067349	5.75369	245
2323.9979	1801207	5.77869	393
2325.128	195815	6.35807	396
2354.0588	174561	5.39542	408
2356.6838	166789	5.20743	400
2359.4676	114774	1.2287	87
2360.5238	181708	5.43125	410
2363.4079	181145	5.25034	418
2366.3479	499456	4.15102	127
2367.428	195666	5.37051	456
2370.3579	190222	6.02197	399
2373.2979	197727	5.97282	412
2389.5088	185273	5.71101	411
2392.098	192314	5.43197	458
2395.0379	122667	1.29723	88
2396.1479	1334793	4.6943	320
2397.2579	191910	5.77681	421
2413.4688	164921	4.94338	406
2416.0679	178562	4.94014	440
2418.988	179746	5.24209	432
2421.928	169541	4.86883	434
2424.8837	202051	1.21086	109
2425.8543	184457	5.17379	459
2428.7579	181149	5.09907	448
2431.6679	1181522	4.63036	307
2432.7879	182017	5.06939	438
2435.7281	187182	5.47252	427
2438.658	176851	4.92139	450
2441.5879	858953	5.37383	208
2442.738	614104	4.95397	392
2444.168	170459	5.16232	424
2447.108	224660	5.20379	414
2449.5279	169710	5.45216	386
2452.468	416352	2.87697	124
2453.528	178047	4.92825	454
2456.4679	171149	5.04793	416
2459.4079	174613	4.66265	454
2462.3279	168946	4.64564	450
2465.268	168914	4.93602	432
2468.198	159612	5.20123	390
2471.1646	165495	4.77008	432
2473.9478	161121	4.55229	430
2476.7676	193934	1.22241	118
2477.7843	167327	5.76014	368
2480.6679	195434	1.31313	99
2481.7382	1562067	4.82911	387
2482.8579	161288	4.89872	412
2485.788	164765	5.00535	420
2488.7379	156329	5.20106	374
2491.6579	160055	5.16022	387
2494.5879	164607	5.33611	388
2497.518	380687	5.33795	387
2499.308	993175	4.02602	283
2500.4279	162783	4.80862	412
2503.3582	161083	4.22049	463
2506.2981	149596	4.33835	420
2509.2179	140714	3.99003	421
2512.1579	146430	4.77396	367
2515.0879	151446	4.40938	419
2518.028	232667	1.24303	113
2519.0682	146841	4.16402	429
2521.9979	144917	3.98928	425
2524.9379	143194	4.30569	401
2527.8679	141664	4.35576	393
2530.8179	135318	3.91422	400
2533.7279	135707	4.80787	337
2536.658	147355	4.3922	403
2539.598	142333	3.98095	417
2542.538	149690	4.24437	437
2545.458	149570	4.35093	418
2548.3979	142559	4.62844	373
2551.3279	162203	4.45238	449
2554.2581	161519	5.24076	371
2557.188	169752	5.00031	419
2560.1179	173360	5.43748	399
2563.0479	174855	5.13139	421
2565.9879	211415	5.64748	480
2568.9449	148664	1.1987	96
2569.944	233673	8.25567	371
2572.8279	258009	8.6539	398
2575.758	267996	8.23497	440
2578.718	190500	1.33723	100
2579.758	3445880	11.043	314
2580.8379	271554	8.17671	437
2583.7679	273698	7.7266	469
2586.708	268040	7.62959	460
2589.6379	264802	7.42102	468
2592.568	254466	7.10807	469
2595.4979	231501	6.23438	465
2598.4279	225269	6.3036	450
2601.3679	221598	6.42879	440
2604.2979	217599	6.21059	450
2607.228	1194881	4.91103	254
2608.318	1987066	6.33726	309
2609.4079	223994	6.47578	427
2612.338	2945865	7.30009	439
2613.4545	1854343	5.69589	331
2614.4537	243342	7.19127	431
2630.6188	819938	22.9018	527
2633.218	976496	33.4583	418
2649.4287	1225313	36.3622	488
2652.0279	1085921	33.1356	473
2663.0487	7275311	21.4323	268
2663.758	812318	25.8989	434
2666.678	759091	25.0157	425
2669.6079	3087189	10.2344	281
2670.6579	705299	22.561	447
2673.598	6517207	17.571	352
2674.648	665525	19.7369	481
2679.169	638905	20.2853	442
2681.7579	590396	19.8261	413
2684.7338	562413	17.6855	447
2687.5076	562012	18.1001	427
2690.3276	538568	15.7386	487
2693.1477	525870	16.1201	442
2709.168	429653	13.2801	432
2711.6476	431981	14.2958	410
2727.658	379921	11.5909	448
2730.1376	379518	10.5603	475
2746.148	177492	1.25406	102
2746.8955	1297210	5.11201	265
2747.8379	2045594	6.51022	317
2748.9279	3209177	7.3496	465
2750.018	3177044	7.36258	469
2751.1179	324146	6.94345	586
2757.9287	175314	2.44658	103
2758.7379	231436	2.35943	113
2759.8579	324726	2.03503	115
2760.8979	2619326	6.66154	412
2761.9979	3197277	7.93655	429
2763.088	295191	6.81491	565
2766.0179	2348263	6.23611	422
2767.1179	3078354	7.08479	486
2768.228	289208	7.11373	506
2771.1479	2664484	6.67529	415
2772.238	299186	6.94679	546
2788.4588	282468	7.07927	515
2791.0579	2499695	6.99684	385
2792.1479	2821821	7.84664	393
2793.248	3455848	8.55116	454
2794.338	333050	7.90098	539
2797.268	1157132	4.6172	257
2798.3579	1922670	5.6471	331
2799.4379	3111842	9.86361	328
2800.518	379728	9.33436	517
2803.4739	374771	8.67642	566
2806.2676	397336	8.88772	585
2809.0977	367200	8.68223	558
2811.9176	361030	8.36449	562
2814.7576	345592	7.62952	572
2817.5576	333009	7.54891	570
2820.3875	300276	7.12177	532
2843.0981	412346	9.46778	577
2845.5783	453141	11.8015	522
2848.3976	466003	12.4231	505
2851.2076	523656	14.4941	485
2854.0376	517946	12.0652	594
2856.8576	573877	14.5	535
2859.6776	597474	13.1292	629
2862.4975	612989	13.9409	582
2865.3276	565137	14.2364	520
2868.1376	161432	1.2954	73
2869.2161	634407	15.2181	554
2872.0079	587548	13.078	585
2888.2288	564161	12.9569	591
2890.8182	104248	1.53897	89
2891.9879	607373	15.2215	537
2894.918	582373	16.1642	491
2911.139	634819	17.3298	487
2913.738	634113	14.8029	585
2923.2987	710625	19.973	488
2925.8879	670734	17.4362	534
2928.818	645142	16.8045	525
2931.7581	188367	1.42943	103
2932.828	10134687	18.518	492
2933.8979	525632	12.5133	548
2936.8279	537547	13.3427	534
2939.7579	543815	13.062	562
2942.6879	564048	13.9302	541
2945.628	575431	14.1425	539
2948.548	2375714	7.80314	261
2949.6344	5505116	10.7064	429
2950.6249	594345	14.0623	568
2964.6387	447382	9.99056	582
2967.2379	2106897	5.47509	343
2968.298	390311	7.59954	650
2971.2279	375319	7.68536	630
2992.6987	199328	1.42238	92
2993.4179	2912569	9.04961	575
2994.6187	350632	7.04598	614
2997.5379	363565	7.51853	594
3000.478	403632	9.28796	552
3003.4079	402079	9.65506	546
3006.3379	577748	2.97048	180
3007.4179	347599	7.54511	563
3010.3479	347015	7.51393	589
3013.278	325351	7.62195	524
3016.2179	319657	6.69344	611
3019.1479	3155516	6.82007	451
3020.2279	273762	5.83785	548
3023.1579	300988	6.32065	577
3026.0879	312092	6.99058	539
3029.0279	3262084	6.57796	491
3030.108	343905	6.93713	612
3037.0637	508480	12.7196	514
3039.5476	5027072	10.5942	398
3040.6137	625279	14.891	552
3043.408	2783214	8.17936	268
3044.4479	674278	15.907	570
3047.378	706374	17.4214	546
3050.3179	6222002	13.7079	352
3051.348	685382	16.8306	554
3055.7787	645326	15.6886	552
3058.3779	567339	13.737	542
3061.3179	507082	13.1878	499
3064.238	2469558	6.96854	323
3065.2979	431405	10.3316	538
3068.238	392020	9.78963	520
3071.168	3157458	7.35664	417
3072.2479	332712	7.73697	543
3075.1779	326893	6.57818	631
3078.1079	3009431	6.5279	451
3079.2137	186361	1.20731	119
3080.2244	299277	6.30365	591
3083.1079	281544	6.35546	549
3086.0379	306177	5.94317	636
3088.9679	3537639	6.52216	532
3090.0479	316630	6.01678	638
3092.9882	297176	6.08201	605
3095.9179	292346	6.28195	555
3098.8479	310022	6.574	574
3101.778	3490347	6.69317	520
3102.868	290131	6.16251	573
3105.798	163975	1.44706	96
3106.8979	3363013	5.63331	570
3107.9779	287330	5.77862	618
3110.9082	271066	5.13417	613
3113.838	259075	4.99699	616
3116.7779	231536	4.85237	543
3119.708	242012	4.6659	610
3122.638	214897	4.39634	545
3125.5944	147046	1.2117	90
3126.5837	231327	3.94284	658
3129.4679	213398	4.11451	599
3132.4079	200244	4.29803	527
3135.338	196892	3.93311	555
3138.2682	220017	3.72084	676
3141.1979	212708	3.63048	648
3144.1379	211945	3.96302	618
3147.0579	213694	3.86646	622
3149.9979	198251	3.68187	581
3152.928	10371	1.21122	85
3155.8679	190303	4.94533	472
3158.8079	249756	1.46555	104
3159.8379	248645	4.51579	639
3162.7879	272995	5.62408	585
3165.6979	310492	6.22273	602
3168.638	382134	6.98201	697
3171.5679	14820	1.26654	117
3174.498	10429	1.22036	82
3177.4279	11421	1.24813	92
3180.3679	13645	1.205	110
3183.2879	14261	1.2017	117
3186.228	423802	11.0031	503
3189.1579	9186	1.22443	72
3192.0979	327704	8.05034	537
3195.0179	5195636	9.12537	481
3196.0779	10651	1.17626	88
3199.0082	277819	7.52946	469
3201.948	10110	1.14632	83
3204.8879	8718	1.18488	70
3207.8079	12979	1.28943	102
3210.7479	1235861	3.90955	308
3211.828	329795	6.62892	622
3228.0388	12764	1.21202	106
3230.638	525318	3.22345	179
3231.738	12789	1.20875	106
3234.6679	297026	6.41822	569
3237.598	11393	1.22129	92
3240.5487	281195	6.15946	578
3243.4679	345070	6.81999	612
3246.3979	284812	6.30315	553
3266.3587	204514	4.41561	548
3268.9579	183828	4.14314	514
3271.8879	243336	3.36569	763
3274.8179	106759	1.34328	90
3275.9679	178051	3.76576	535
3278.9079	196777	3.09188	670
3281.828	11155	1.24808	90
3284.7679	12446	1.21246	100
3287.698	182882	3.64586	565
3290.6379	11414	1.18687	95
3293.5579	1826915	3.5892	539
3294.668	185378	3.93257	553
3323.6087	191772	4.14117	537
3326.208	121654	1.22318	87
3327.3079	232953	5.18083	533
3330.238	251687	5.93281	494
3346.4589	392556	8.99092	552
3349.0479	10908	1.1926	89
3351.9779	392880	10.0682	502
3354.908	342099	9.07886	483
3366.8288	326733	6.98095	586
3369.4279	3933625	5.80273	487
3370.4679	13624	1.23143	109
3373.3979	313706	5.87404	650
3376.338	303021	6.39218	572
3419.0387	966595	22.5373	591
3421.638	688846	12.7634	679
3451.2687	918240	23.9098	523
3467.1487	694346	13.1863	644
3469.7382	16701257	25.2796	522
3470.7779	17426352	24.1637	510
3473.6288	595379	11.4906	645
3487.8287	361293	5.46069	731
3490.4179	202016	1.33929	98
3491.4779	7948239	11.1337	464
3492.4979	5252813	9.92404	340
3500.1288	788779	4.40093	162
3500.8379	391488	5.497	800
3503.768	9897216	13.2184	608
3504.8438	9833165	13.8003	621
3505.7776	10692065	13.698	587
3511.0381	8106961	11.5354	491
3523.248	5580045	8.94613	550
3527.6483	5802237	9.9705	506
3531.9181	3931852	7.9832	496
3539.6455	7375959	10.0977	604
3540.358	5881480	11.1156	486
3570.1288	4212241	6.67585	570
3583.3088	302933	3.89016	830
3599.1787	12299106	16.4587	534
3599.8679	13305911	16.8179	552
3631.8988	14641441	16.9445	564
3636.4587	574876	9.01793	752
3644.3687	244102	1.34371	103
3645.0688	7367081	10.3576	562
3646.118	7446329	10.0506	577
3649.7387	7028523	7.93331	492
3650.4079	6688872	8.33659	610
3669.5188	4539629	6.26488	558
3676.7687	4521757	6.96549	516
3701.6488	254411	2.78572	878
3704.2382	249129	2.61746	900
3720.4487	264997	2.7238	932
3723.0379	3325868	4.28392	631
3724.1079	1735110	3.47314	414
3770.9687	3153246	3.64252	594
3782.0987	3776407	4.31642	618
3787.1487	3333062	4.40896	603
3794.7487	2685384	4.12159	554
3795.4879	245776	2.55026	905
3811.7088	4278913	5.49902	567
3812.4279	4748838	5.20311	646
3825.3587	12570132	12.8065	652
3838.6287	33652812	26.6435	580
3839.2782	37832268	26.8816	609
3847.4188	29535168	24.3273	622
3857.2188	19285846	16.3468	658
3865.7888	10208570	11.4392	594
3870.0188	8470849	9.53581	628
3870.728	8294766	9.20606	595
3882.8088	8214995	9.53694	606
3883.508	8039972	9.0747	618
3892.9887	7588956	10.1927	603
3911.7588	310926	2.88056	1034
3914.348	7589911	10.2524	585
3915.398	351653	2.82167	1235
3940.3687	5105655	7.08965	562
3941.088	2735988	4.80324	492
3966.9587	270949	2.35066	1032
3969.548	3125499	4.55989	574
3970.639	3442355	4.52278	602
3980.1988	3362915	4.33903	622
3995.0987	4163762	5.0533	667
3995.8181	3936789	5.13871	588
4022.1288	2513172	3.41973	572
4022.8579	2676055	3.31678	632
4048.1887	35583804	25.8526	529
4048.8279	31665684	26.4667	507
4059.7888	28827606	24.2222	534
4060.438	25274306	21.1901	580
4069.1688	13893211	14.1511	563
4073.0087	10226695	11.1986	579
4073.688	9263812	10.4577	566
4078.0588	7469230	8.36524	616
4078.7679	7048888	8.56718	576
4079.7979	6896299	8.20493	621
4091.0488	1705150	8.12186	672
4092.168	7770875	8.46991	667
4093.2279	8295613	8.9643	650
4094.258	8291958	8.96334	638
4102.3988	8179635	8.81367	659
4111.7887	6287064	6.35907	697
4127.4288	43533992	25.9561	637
4132.019	85888680	38.6204	573
4134.5488	109672352	42.3346	567
4146.8387	81459256	38.2649	545
4153.6287	52106604	26.7279	690
4156.9746	524815	5.00808	1145
4159.5737	28166238	21.6678	624
4160.4479	26915908	19.9663	675
4165.5288	21471116	18.994	608
4166.198	20389374	15.9806	711
4167.2079	19290254	15.5963	689
4175.7888	13731527	13.2972	639
4176.4679	13627040	12.9309	672
4179.9687	13761199	12.9606	650
4180.6087	13925405	13.3008	669
4184.8187	16314359	13.8698	690
4187.6888	20095130	15.6171	705
4188.3579	20326832	16.1403	700
4193.9949	19935808	18.9516	642
4204.2782	17607900	15.2431	726
4208.0981	15865602	13.8848	721
4208.6876	525048	4.72917	1165
4222.5767	10746016	10.6946	690
4223.2779	11337059	10.5139	703
4232.1787	7662704	7.83673	706
4253.0787	4049697	4.93721	674
4253.808	4195112	4.87019	680
4254.8779	4113773	4.8903	675
4255.9479	314569	2.23776	1249
4258.8782	3928307	4.80659	666
4259.9479	3786456	4.49828	667
4261.0179	3759495	4.22612	726
4262.0979	3859274	4.71075	621
4263.168	3718121	4.37321	663
4264.2279	3507606	4.30835	643
4265.3337	2922682	4.17668	680
4266.3076	3528943	4.23949	642
4267.2676	3162200	3.87982	638
4268.2376	3366781	4.01202	676
4282.3981	4944706	7.17402	620
4283.0278	5684585	6.72764	706
4302.658	5081225	6.28437	758
4313.4281	3274801	4.78923	626
4314.0676	3563076	4.48081	655
4315.0276	302895	2.07687	1252
4317.9962	2580579	4.01693	578
4318.9379	3286158	3.82945	720
4320.0279	2968910	3.84603	669
4329.0988	2780137	3.35906	673
4329.8382	2896466	3.47684	683
4341.6088	2322210	3.55425	596
4342.358	2884663	3.41856	708
4349.2487	2854996	3.34726	697
4353.5387	2614624	3.25455	684
4369.4487	5959655	7.42949	677
4370.1779	6581462	8.02972	692
4385.0737	4774743	7.40446	650
4395.8681	3391909	4.99572	667
4422.4281	2231459	3.00141	660
4423.0678	2537353	3.01093	706
4431.8984	2830397	3.53175	762
4445.738	8734844	10.7543	706
4446.3476	11090095	11.0092	810
4457.018	19981652	19.8889	721
4459.9781	19627358	20.9196	671
4463.4455	17811604	18.6394	675
4490.5387	5008903	5.79314	767
4491.2779	5001762	5.52524	755
4525.6587	182880288	69.5227	523
4526.278	1979702	18.3465	1313
4569.4387	75072384	48.1371	655
4570.0879	126233312	48.2229	601
4571.0481	130993384	46.4219	623
4578.4188	103857864	47.1557	589
4585.2688	86874016	42.1777	608
4588.3387	77622064	38.4926	676
4588.9679	79652136	38.522	653
4597.2887	84231456	37.4399	687
4597.9179	88088728	40.5118	639
4598.8881	87795744	43.1268	621
4607.7687	164430224	49.5444	635
4611.8388	177449280	53.7735	564
4612.4482	975043	6.70507	1591
4671.1188	26294366	19.7052	856
4671.818	25945568	20.4999	802
4681.0888	24662258	17.4697	862
4692.8188	19053350	16.9832	768
4713.7388	12962049	14.8862	715
4715.7287	12706052	14.2134	743
4719.3787	12302477	14.2734	710
4720.098	497848	2.78383	1594
4723.0279	12002829	13.1595	769
4724.0879	11442204	12.8585	748
4725.1679	11361803	13.1037	733
4726.218	11236268	13.3777	729
4727.2879	10996660	13.8261	685
4728.3479	10816277	13.7436	699
4729.4279	10980453	12.5573	800
4730.5238	11048865	12.6071	773
4731.4576	10287474	12.6767	758
4732.4176	10377010	12.339	766
4733.3876	9711813	12.4308	724
4734.3576	9973063	13.4578	671
4735.3376	9792981	12.9145	756
4736.3076	10381851	12.4288	799
4742.7582	8437680	12.0511	762
4743.3979	8763377	11.7645	748
4744.3776	8998309	12.3963	701
4745.3676	9151315	11.6975	765
4747.6281	8056823	11.4313	750
4761.4681	7487981	11.4667	718
4762.1176	8104090	10.7604	763
4763.0976	7893986	10.7821	748
4771.198	7017871	9.61052	818
4771.8576	7618633	10.1136	758
4772.8376	7586004	9.86699	759
4773.8176	7449015	10.344	731
4774.8076	7445051	9.6565	790
4775.7976	7487344	9.52736	813
4776.7777	7461399	9.56685	787
4777.7676	7216211	9.62992	789
4778.7876	7420048	9.44901	808
4779.7476	6507293	10.1463	751
4780.7776	7035949	9.08859	814
4781.7476	6884960	9.82765	734
4782.7477	582606	2.85724	1799
4785.7056	6860370	9.31311	795
4786.6779	7036750	9.19839	802
4787.778	7022504	9.29388	761
4788.8682	6505876	9.74874	734
4789.988	6819209	8.92466	821
4791.0879	6671340	9.42775	749
4792.1979	6924971	9.17752	769
4793.298	6421373	9.35772	719
4794.3979	6735088	9.40897	709
4795.4879	6477750	9.03013	757
4796.5981	5807163	8.47222	803
4797.7179	6365740	9.18717	735
4798.8279	6365271	9.19292	758
4799.9379	6321807	8.53694	809
4801.0479	6343775	9.0878	743
4802.158	6366017	8.82795	777
4816.4738	5356409	7.8845	762
4817.1376	5785486	7.88859	766
4818.1376	5709312	7.45915	815
4819.1376	5836192	7.45337	827
4821.828	5121644	7.70127	778
4835.688	5146520	6.94905	848
4836.3576	5674142	6.97518	813
4837.3376	5367972	6.9407	778
4838.3375	5597704	6.53889	837
4839.3276	5527745	6.30377	896
4840.3176	5665612	6.74091	824
4843.028	4809724	7.13809	763
4847.608	4516421	7.23044	726
4848.2777	5404782	6.22859	869
4849.2676	5288608	6.52952	817
4852.7283	4630652	6.42138	860
4853.3978	4945370	6.37757	784
4854.3975	5156332	6.19079	832
4855.3976	5103724	6.13907	880
4869.5882	4729439	6.70527	788
4870.2578	5451933	6.26382	869
4871.2476	5319915	6.36224	835
4885.438	4127174	5.91497	853
4886.1177	4611902	5.75649	827
4887.1076	4405960	5.90895	778
4888.1176	4540822	5.56036	858
4892.578	3881428	5.67931	801
4893.2476	4024859	5.61987	834
4894.2779	4225061	5.58043	797
4895.2876	4033529	6.10407	714
4896.2876	4163051	5.6759	788
4897.2976	4038203	5.41112	787
4898.3076	4427710	5.31114	881
4899.3176	4075869	5.73648	773
4900.3178	3968467	5.80612	727
4901.3276	3967778	5.67782	755
4902.3376	3915284	5.48519	786
4903.3576	4012457	5.38352	812
4904.3576	3914082	5.50832	767
4905.3776	3967556	5.49843	791
4906.3976	3931966	5.52909	785
4907.3976	3915519	5.39868	792
4908.4076	3845451	5.32057	786
4913.6381	2972246	5.54355	686
4914.3376	3737190	5.16491	809
4915.3576	3555732	5.31852	769
4916.3876	3611005	5.18766	759
4917.3976	3527154	5.28937	789
4918.4276	3324973	5.44714	723
4919.4476	3606949	5.39912	717
4920.4676	3904877	5.22923	792
4921.4676	3598222	5.22258	731
4922.4875	3418461	5.21583	783
4923.5076	3561163	5.08047	755
4924.5276	3615002	5.16485	759
4925.5376	3511465	5.10151	748
4926.5575	3647501	5.007	807
4927.5676	3686079	5.15384	765
4928.5777	3415215	5.0884	754
4929.5979	3608256	5.27741	749
4930.6276	3348501	4.82699	819
4944.8281	3116294	5.0693	787
4945.5376	3416342	5.16093	738
4952.4681	3083988	5.25583	729
4953.1675	3733434	4.99777	786
4954.1676	3473020	5.0564	762
4958.6581	3066375	5.08978	751
4975.0182	3042885	4.51623	849
4975.7276	3167900	4.77867	754
4980.2981	2814009	4.68849	746
4984.118	2865454	4.14927	860
4991.308	2566291	4.50961	708
4992.0077	3136518	4.1282	869
4993.0278	3127505	4.20758	799
4995.678	2690218	4.3158	775
4996.3776	3109594	4.19968	800
4997.3876	2822815	4.47042	715
4998.4176	3083471	4.12646	800
4999.4376	3039295	4.31423	769
5000.4576	3093865	4.22771	811
5008.208	2577191	4.25992	727
5008.9076	2791663	4.23421	753
5012.008	2529735	4.13075	751
5012.7276	2841120	4.04045	792
5013.7378	2733051	4.40862	663
5014.7777	2825091	4.14365	746
5015.7777	2953100	4.07277	813
5016.8276	2882022	3.99846	798
5017.8376	2934878	3.74831	847
5032.058	2460332	3.95685	788
5032.7875	2748028	3.89639	795
5033.7876	2702067	4.03305	741
5034.8176	2810637	3.62874	861
5035.8476	2525071	4.01608	806
5036.9076	2735537	4.00679	775
5037.9376	2779141	4.0018	769
5038.9676	2592859	3.81795	782
5039.9976	2701440	3.9718	764
5041.0376	2705275	3.92225	750
5042.0685	2538118	4.18463	700
5043.0876	2644463	3.80153	751
5044.1176	2614975	3.79006	791
5045.1476	2691415	4.00965	766
5054.6881	2199882	3.99984	752
5069.658	2301624	3.76517	778
5070.3776	2660976	3.77184	792
5071.3976	2695068	3.72379	805
5072.4279	2562130	3.99536	730
5073.4678	2470591	3.6228	832
5074.5176	2193154	3.7813	802
5075.5876	2430602	3.69992	765
5076.6478	2456451	3.64501	807
5077.6776	2501803	3.53204	830
5078.7176	2588751	3.50936	819
5082.388	2174849	3.6928	782
5083.1076	2494741	3.50783	809
5084.1476	2393808	3.80122	734
5085.1876	2392077	3.64069	772
5086.2276	2696805	3.47132	868
5087.2676	2463536	3.60251	789
5088.3076	2553680	3.52611	814
5091.148	2063642	3.54102	781
5091.8776	2318594	3.61016	776
5092.9176	2423666	3.41295	849
5093.9676	2393650	3.49143	801
5095.0076	2389133	3.5058	796
5096.0476	2411554	3.55298	772
5097.0876	2490870	3.43752	861
5098.1276	2431407	3.42434	823
5099.1676	2387577	3.50373	792
5100.2076	2320518	3.5518	812
5101.2676	2405001	3.47411	802
5122.6482	2157329	3.35265	774
5123.3676	2506562	3.36556	811
5132.2689	2275889	3.17182	889
5132.9876	2459996	3.32432	797
5134.0076	2530996	3.38922	810
5135.0376	2547425	3.37996	805
5136.0676	2655435	3.29221	865
5141.928	2264216	3.37775	799
5142.6384	2526140	3.34135	798
5143.6677	2425728	3.40126	771
5144.7077	2484229	3.52529	763
5147.7582	2198282	3.34328	795
5148.4576	2406615	3.41411	765
5149.4876	2105116	3.33889	831
5150.5584	2568987	3.44708	797
5151.5884	2597650	3.46924	820
5165.8181	2179266	3.46526	772
5166.5276	2405412	3.35395	784
5169.7181	2136254	3.44426	731
5170.4276	2653568	3.25774	880
5171.4476	2439926	3.4334	777
5172.4876	2476639	3.38319	785
5185.008	2189869	3.3268	805
5185.7178	2388805	3.20301	812
5186.7377	2547343	3.28499	824
5187.7676	2512675	3.16454	847
5188.8176	2320511	3.20053	767
5202.609	2036887	3.16142	812
5203.3276	2368033	3.26823	804
5204.3476	2316681	3.06776	818
5205.3876	2222372	3.10038	774
5206.4176	2233521	2.97027	824
5209.878	2128022	3.01627	820
5210.5775	2084845	3.01125	773
5211.6176	2347066	2.96204	847
5212.6177	2393221	2.93482	899
5213.6876	2228042	3.02318	780
5214.7476	2401699	2.91779	888
5223.9583	2041537	2.98356	813
5224.6876	2322646	3.14057	805
5225.6976	2399102	2.96089	870
5226.7576	2407924	2.93189	863
5234.968	2167252	2.99411	913
5248.8781	2253625	3.21807	832
5249.5876	2440473	3.16852	838
5250.6176	2515440	3.12034	887
5251.6576	2557605	2.98224	921
5252.6976	2642082	3.01925	910
5253.7176	2535760	3.11393	865
5254.7576	2382246	3.24748	806
5255.7876	2518072	3.01425	888
5256.8177	2490081	3.05001	846
5257.8577	2182717	3.05799	927
5272.128	2284374	3.28877	846
5272.8376	2713103	3.37067	865
5273.8576	2678328	3.24183	911
5285.4981	2999992	4.18287	900
5286.1976	3416532	4.14168	859
5287.2176	3264626	4.28692	826
5288.2376	3552529	4.27522	890
5295.3581	3260381	4.3847	873
5301.4981	3080450	4.30743	812
5302.1876	3392235	4.14164	862
5303.1976	3549439	4.04552	938
5307.1689	3013009	3.82139	906
5307.8577	3131744	3.9129	849
5308.8877	3184852	3.63021	938
5309.9076	3029834	3.67013	871
5310.9276	3122106	3.79271	876
5311.9477	3012740	3.48585	907
5312.9678	2891164	3.50096	869
5313.9977	2860785	3.45554	875
5315.0276	2881822	3.4584	863
5316.0476	2887674	3.23516	925
5330.2689	2215016	2.78289	963
5330.9776	2392696	2.86615	927
5332.0175	2357766	2.88177	869
5342.978	2156854	2.88165	915
5343.6977	2329113	2.81798	865
5344.7276	2224788	2.93132	835
5345.7776	2297001	2.67933	884
5346.8176	2346890	2.83374	898
5347.8576	2175805	2.78791	818
5351.968	2192622	2.67678	1015
5352.7076	2289516	2.74297	925
5353.7376	2452567	2.78964	948
5354.7876	2308213	2.84305	862
5355.7976	2286215	2.83601	868
5356.8376	2362876	2.71294	893
5357.8676	2293674	2.82987	853
5358.9076	2299289	2.63815	913
5359.9376	2376018	2.77141	905
5360.9776	2366056	2.78521	923
5362.0175	2283818	2.88742	871
5363.0676	2426071	2.84478	923
5364.0976	2523271	2.70088	1026
5365.1376	2446521	2.89306	936
5366.1776	2306259	2.78959	861
5370.3181	2211982	2.76638	943
5371.0277	2486492	2.86634	926
5372.0685	2423644	2.61714	962
5376.238	2147155	2.77943	914
5376.9476	2469796	2.76959	911
5377.9876	2413118	2.66467	971
5379.0276	1842778	2.78416	845
5380.1077	2312412	2.66472	908
5381.1478	2311389	2.7017	891
5391.768	2149782	2.71761	954
5392.4978	2308097	2.61768	920
5397.6081	2151416	2.831	908
5398.3177	2323983	2.70722	915
5402.788	2059278	2.62604	951
5403.5176	2333559	2.69899	907
5404.5476	2347691	2.71821	919
5405.5876	2363314	2.62405	934
5406.6276	2375752	2.56346	935
5407.6577	2493850	2.68758	986
5408.7076	2300462	2.59386	1068
5413.4181	1907131	2.6422	871
5414.1476	2333379	2.64089	881
5415.1777	2350774	2.64355	932
5416.2176	2259269	2.60963	914
5417.2576	2264055	2.57629	924
5418.3076	2349080	2.62021	972
5419.3476	2152208	2.60317	870
5420.3976	2344788	2.52416	968
5421.4276	2296857	2.44796	1061
5422.4976	2276005	2.50543	942
5423.5476	2359814	2.63027	970
5432.0383	2103019	2.63365	967
5432.7776	2318959	2.58976	949
5449.498	2441963	2.93799	959
5463.228	2500062	2.81655	1034
5483.3481	2444820	2.48135	1112
5484.0676	2605566	2.44349	1062
5488.808	2519171	2.52963	1141
5489.5076	2686769	2.53693	1046
5490.5476	2674106	2.52746	1033
5496.098	2814454	2.68607	1163
5496.8176	3148410	2.58795	1182
5508.278	5617129	4.85291	1186
5508.9376	7359706	5.48162	1177
5509.9176	8515362	6.52462	1088
5514.288	13052397	9.92359	1105
5519.2681	21926922	12.0128	1183
5527.9181	25568428	12.7039	1242
5528.4876	26365644	12.3017	1185
5530.768	23628268	11.7366	1251
5533.9581	19169408	10.2758	1223
5534.5376	20223886	9.56899	1255
5535.4676	19383762	8.54247	1408
5542.938	9412225	6.17498	1340
5543.5776	9004660	5.709	1374
5544.5577	10102862	5.63573	1394
5545.5276	9423738	5.67976	1265
5546.4876	9334183	5.19804	1392
5549.6482	7644673	4.75998	1390
5550.2876	8026154	4.61996	1472
5551.2676	8082082	4.46793	1457
5556.008	6930350	4.0077	1581
5556.6576	7486162	4.08515	1445
5557.6377	7677778	3.84719	1526
5558.6276	7575668	3.77556	1623
5559.6076	7494978	3.87823	1536
5560.6077	7042258	3.83979	1448
5561.5777	7127399	3.80071	1564
5562.5676	7547596	3.62655	1679
5563.5676	7195239	3.69756	1557
5564.5476	6972444	3.49209	1556
5565.5377	7364619	3.43899	1749
5566.5276	7237167	3.46453	1688
5567.5175	7624109	3.50111	1628
5568.5076	7340091	3.26863	1665
5569.4876	6758462	3.26457	1632
5570.4876	6791940	3.29343	1664
5571.4876	6686469	3.32374	1606
5576.078	6159938	3.18766	1700
5576.7676	6927127	3.10277	1773
5577.7376	6908749	3.05251	1789
5578.7577	6542667	3.078	1607
5579.7276	6740831	3.00261	1758
5580.6776	6724880	2.96646	1816
5581.7276	6730601	2.90825	1810
5582.7376	6925243	2.88243	1828
5583.7077	6848082	2.7632	1838
5584.6977	7093459	2.75951	1975
5585.6976	6850951	2.82181	1849
5586.6876	6692989	2.69524	1924
5587.6976	6398200	2.60466	1873
5588.6976	6552118	2.62096	1862
5589.6978	7030297	2.63869	1988
5590.7078	7089120	2.5659	2058
5591.6776	6947032	2.56635	1978
5592.6776	6874776	2.48439	2039
5593.6776	7047453	2.53616	2020
5594.6677	6786601	2.4737	1981
5595.6677	6638940	2.48261	1983
5596.6876	7010657	2.48559	2072
5597.6676	6931359	2.44349	1995
5598.6576	6829956	2.4052	2024
5599.6476	6779678	2.46043	2040
5613.838	6377616	2.35333	2188
5614.5176	7280674	2.34397	2118
5615.4976	7619083	2.32677	2248
5629.6881	6942425	2.35531	2327
5630.3676	7663162	2.36839	2207
5631.3476	7868153	2.34232	2364
5632.3376	7697532	2.35632	2197
5644.308	7395468	2.38323	2459
5644.9776	7809835	2.33156	2278
5645.9578	8084810	2.32108	2459
5657.898	7880618	2.33378	2397
5658.5476	9269515	2.25997	2566
5659.5278	9169785	2.26615	2366
5673.698	8839758	2.25154	2407
5674.3176	9494624	2.2709	2280
5675.2876	9917650	2.29746	2355
5676.2476	9787565	2.29415	2310
5677.2076	9693055	2.2773	2207
5678.1576	10175402	2.21091	2322
5679.1176	9969796	2.31891	2195
5680.0685	10114280	2.3441	2209
5681.0178	10867719	2.26475	2396
5681.9676	10926387	2.29179	2260
5682.9075	10587240	2.3278	2245
5683.8576	11769418	2.36187	2436
5684.7976	10924319	2.26315	2317
5685.7476	10718078	2.4175	2128
5686.7076	11362228	2.40076	2273
5687.6276	10898928	2.41692	2141
5688.5677	11422556	2.41849	2245
5689.5076	11209366	2.35832	2202
5690.4476	11323114	2.44174	2127
5691.3875	11479570	2.40417	2166
5695.068	11406986	2.45761	2372
5695.6676	13336888	2.42506	2475
5699.958	11515572	2.47631	2322
5700.5587	11779696	2.41655	2277
5718.3281	10758236	2.26539	2822
5718.9576	11846796	2.29676	2825
5719.9176	11953228	2.2989	2770
5720.8876	12018714	2.22028	2869
5721.8476	12202965	2.27822	2919
5728.808	10450937	2.26203	2902
5729.4476	11792349	2.22514	3083
5730.4176	12233394	2.22489	3033
5731.3979	12167361	2.22815	3067
5732.3676	11614838	2.25938	3075
5746.538	11210025	2.22181	3172
5752.8081	11297883	2.22205	3288
5753.4476	12578345	2.18984	3206
5754.4176	12647641	2.22765	3111
5755.3876	12978631	2.24022	3162
5756.3577	12781291	2.21501	3243
5757.3376	12463255	2.25051	3031
5758.3076	13698555	2.22736	3342
5759.2777	13149758	2.23363	3186
5760.2476	13002883	2.22615	3160
5761.2177	13185707	2.24325	3236
5762.1876	12705923	2.23997	3069
5763.1576	14104656	2.23185	3392
5764.1277	13103081	2.22356	3233
5765.0977	12931791	2.21067	3269
5766.0775	13330135	2.18515	3199
5767.0476	12900134	2.25307	3181
5768.0176	13617704	2.23891	3307
5768.9878	13437726	2.20929	3285
5769.9576	13229567	2.27352	3200
5770.9277	13067659	2.23185	3192
5771.8976	13447098	2.22584	3361
5772.8776	14185003	2.18885	3287
5773.8376	13804393	2.20989	3306
5774.8076	14086748	2.22246	3332
5775.7776	13620834	2.22173	3232
5776.7676	13369530	2.22958	3260
5777.7176	13123918	2.19919	3248
5778.6977	13803173	2.18171	3428
5779.6676	14035612	2.17832	3472
5793.8281	12094149	2.22124	3348
5794.4685	11782248	2.20896	3304
5795.4676	13640675	2.19289	3449
5802.2781	12211892	2.18071	3331
5802.9276	13942593	2.22652	3490
5803.8976	13691758	2.17048	3339
5810.2881	12331024	2.21723	3412
5810.9477	13997585	2.24529	3486
5811.8976	13670371	2.20911	3449
5812.8776	14194721	2.18165	3573
5813.8476	13840410	2.18894	3339
5814.8276	14392809	2.21284	3593
5815.7979	14133773	2.2073	3615
5824.639	13331971	2.22035	3483
5825.2876	13824983	2.21905	3260
5826.2376	13607524	2.22141	3344
5827.2176	15008803	2.2065	3440
5828.1776	13399919	2.205	3113
5829.1476	15005105	2.23883	3511
5830.1176	14845963	2.21191	3435
5831.0776	15389784	2.25869	3420
5832.0377	15332661	2.24709	3394
5832.9976	14339897	2.27821	3201
5833.9577	15541596	2.3209	3299
5834.9176	15599611	2.38708	3291
5835.8876	16552149	2.40797	3425
5836.8476	16709744	2.49436	3383
5844.0581	15105354	2.66936	3203
5844.6977	17740162	2.61892	3329
5845.6276	17355170	2.65365	3146
5846.5875	17853504	2.52639	3384
5847.5276	17086922	2.50672	3307
5848.4777	17203148	2.53142	3363
5849.4377	16929116	2.45782	3434
5850.3876	15839589	2.4133	3403
5851.3476	16464163	2.37327	3452
5852.3076	15833652	2.43144	3479
5853.2677	16253218	2.38915	3559
5854.2276	15864687	2.38924	3399
5855.1876	15165525	2.34587	3268
5856.1476	16401916	2.32077	3581
5857.1176	15781473	2.32621	3406
5858.0676	15720009	2.29326	3353
5859.0276	15915204	2.28667	3616
5859.9976	15496627	2.31774	3600
5860.9676	15460381	2.28711	3430
5861.9276	16146669	2.2914	3461
5869.0381	14193182	2.29063	3683
5869.6776	15981575	2.28282	3552
5870.6384	16296804	2.29357	3623
5871.6076	16231769	2.27433	3665
5872.5676	15948166	2.29173	3375
5873.5277	15450874	2.30765	3453
5874.4976	15550335	2.28499	3522
5875.4676	16289389	2.26881	3673
5876.4276	16105830	2.29417	3701
5877.3976	16183515	2.27039	3741
5878.3576	16460728	2.28771	3711
5879.3276	16656093	2.24833	3901
5880.2976	16563924	2.23442	3768
5881.2575	18284534	2.22692	3737
5882.2076	15036081	2.25721	3584
5883.1776	15009400	2.21004	3617
5890.6181	14497928	2.23181	3786
5891.2577	15723905	2.22381	3717
5892.2276	15277178	2.24498	3561
5893.1976	16203357	2.18602	3592
5894.1576	16706575	2.21532	3859
5895.1276	16193894	2.20774	3611
5896.0876	15972288	2.1751	3769
5897.0576	16864252	2.15246	3842
5898.0176	16943676	2.18903	3842
5898.9876	16591267	2.18368	3789
5899.9477	16574505	2.19726	3654
5900.9176	16946374	2.16754	3603
5901.8676	16900282	2.17779	3805
5902.8276	16409700	2.22222	3681
5903.7977	15972169	2.16701	3814
5904.7776	16104048	2.153	3767
5905.7376	16338562	2.1707	3858
5906.6976	17001312	2.14569	3819
5907.6676	16473907	2.14512	3741
5908.6276	16529845	2.20947	3845
5909.5977	17329202	2.21586	4098
5910.5676	17285386	2.14318	4032
5911.5376	16455560	2.1829	3786
5912.4976	17095412	2.16738	3899
5913.4676	16088849	2.16266	3784
5914.4276	16213459	2.18981	3846
5915.3976	17316966	2.18862	3963
5916.3676	16646332	2.14728	3744
5917.3276	15725712	2.17975	3736
5918.2976	16738025	2.14389	3774
5919.2576	17300794	2.15995	3842
5920.2176	16908992	2.1224	3857
5921.1877	16758022	2.16501	3808
5922.1576	16154130	2.20875	3699
5923.1076	16091681	2.19389	3705
5924.0776	17194738	2.21788	3964
5925.0476	17281626	2.19154	4012
5926.0076	16571263	2.15687	3873
5926.9776	16566198	2.15488	3773
5927.9475	16734072	2.16324	3922
5928.9076	15650744	2.16656	3728
5929.8777	16474727	2.20731	3810
5930.8476	15833749	2.12776	3680
5931.8076	15964486	2.19701	3670
5932.7776	16239168	2.17059	3649
5933.7376	15894671	2.19128	3723
5934.7176	16987948	2.16326	3860
5935.6676	16538929	2.18173	3958
5936.6377	16538719	2.1586	3774
5937.5977	15456536	2.1646	3660
5938.5679	15441169	2.17256	3690
5939.5383	15367382	2.14041	3711
5940.4975	16127449	2.17661	3640
5941.4676	15803569	2.16067	3711
5942.4376	16010442	2.16575	3664
5943.4076	16835940	2.17411	3946
5944.3676	16173039	2.21611	3811
5954.6481	14731122	2.21795	3751
5955.2976	16102715	2.19903	3691
5956.2476	16250538	2.19674	3812
5965.8781	14607243	2.22075	3849
5974.398	13903110	2.18267	3613
5975.0477	17667714	2.18073	3972
5975.9976	17284460	2.1597	3783
5976.9576	17046532	2.14921	3745
5977.9076	16843350	2.17332	3727
5978.8676	18229648	2.15238	3967
5979.8276	16464032	2.16965	3680
5993.978	14224674	2.20299	3768
5994.6176	15835507	2.21201	4022
5995.5877	17176870	2.19857	3781
5996.5576	15545096	2.21106	3771
5997.5277	16581734	2.187	3849
5998.4976	18110496	2.14815	3969
5999.4575	16653069	2.16519	3860
6000.4176	17647372	2.18114	3948
6001.38760000002	17832258	2.17312	4010
6002.34760000002	16946352	2.12604	3773
6003.30760000002	17489864	2.18945	3930
6004.2777	16935756	2.16892	3815
6005.23759999998	17790336	2.14202	3939
6006.19759999998	18220108	2.17315	4082
6007.15750000002	18000676	2.18794	3884
6008.11750000002	17951262	2.16978	3824
6009.06760000002	18244712	2.15486	4030
6010.02760000002	18456888	2.18516	3968
6010.98760000002	17473182	2.11032	3899
6011.94760000002	17440264	2.1493	3863
6012.90760000002	17262332	2.1461	3876
6013.87789999998	17293812	2.14859	3851
6014.83759999998	17644524	2.15403	3808
6015.78760000002	18743788	2.14983	4138
6016.77760000002	16303612	2.16692	3927
6025.66810000002	14534879	2.19793	3916
6026.31760000002	17232310	2.16901	4004
6027.27760000002	18025684	2.15403	3914
6028.23760000002	18160326	2.15687	4018
6029.19760000002	18223640	2.14924	3888
6030.1476	17852614	2.10823	3927
6031.11769999998	17348948	2.176	3851
6032.0676	18077238	2.21698	3922
6033.0276	17624998	2.13667	3792
6033.9876	17410788	2.1644	3712
6034.9476	17688158	2.14953	3855
6035.9076	18333736	2.16359	3923
6036.8676	19107310	2.1747	4132
6037.81759999998	17992102	2.18391	3773
6038.79760000002	18523848	2.1882	3947
6039.7377	15758354	2.14204	3996
6048.26800000002	15584226	2.45331	3679
6048.91759999998	19748860	2.47644	4039
6049.86760000002	18836508	2.44301	3749
6050.81779999998	20460040	2.47203	4039
6051.77770000002	19030094	2.50366	3594
6052.74760000002	19443936	2.55133	3554
6053.68759999998	20265444	2.57756	3831
6054.63760000002	20191262	2.61031	3786
6055.58770000002	21102090	2.60786	3763
6056.53759999998	20508936	2.59468	3877
6057.48760000002	20470840	2.57106	3841
6058.4475	20402316	2.65542	3801
6059.39770000002	19789698	2.60067	3867
6060.3576	19227290	2.59372	3644
6061.30750000002	19257362	2.55884	3794
6062.26759999998	20893074	2.56248	3734
6063.21790000002	20497968	2.52527	3761
6064.1577	19536210	2.49758	3693
6065.11759999998	19410122	2.52335	3688
6066.06760000002	19719228	2.48193	3791
6067.01749999998	20151760	2.41027	3901
6067.97770000002	19709174	2.4676	3834
6068.9376	19683500	2.36895	3811
6069.87760000002	19175846	2.39021	3648
6077.5581	17726934	2.24612	3990
6078.18760000002	19541454	2.28728	3906
6079.1376	20618032	2.23163	4014
6080.07769999998	19470224	2.25184	3850
6081.02770000002	19440110	2.2232	3846
6081.97759999998	20607004	2.22838	4053
6082.92760000002	19235244	2.22896	4168
6083.8776	21197994	2.21784	4187
6084.82759999998	20076692	2.15708	4060
6085.77760000002	20895072	2.22552	4229
6086.74750000002	20896176	2.19154	4013
6087.6777	18962050	2.17924	4034
6101.81809999998	23326858	2.11042	4631
6102.42760000002	28569744	2.14232	4513
6103.33759999998	27291912	2.08995	4496
6112.09819999998	24756814	2.12403	3950
6112.6776	28123468	2.08336	3997
6113.5776	27312884	2.07828	3993
6114.48760000002	26079878	2.12108	3729
6121.83799999998	19505346	2.20283	2950
6122.40769999998	20315604	2.18754	2843
6123.4359	18858764	2.20632	2640
6124.3179	19312298	2.23253	2598
6125.32789999998	18775996	2.40367	2377
6126.33790000002	19491092	2.69561	2231
6127.33789999998	20155760	2.88515	2160
6128.34799999998	21827620	3.31576	2106
6129.33790000002	20132256	3.758	1828
6130.3479	20553512	3.95438	1779
6131.34790000002	21127838	3.91119	1762
6132.348	18668992	4.2584	1439
6133.3479	18561444	3.8464	1638
6134.3379	16067549	3.89177	1404
6135.33790000002	31922482	2.79843	1158
6136.28800000002	13390616	4.93191	1156
6137.29789999998	12876370	4.92469	1073
6138.2979	10386430	5.06283	998
6139.31800000002	10653104	4.47607	1088
6140.3379	9702299	4.74451	991
6141.3579	9183719	4.65679	997
6142.3779	9162043	4.78564	879
6143.3982	9927949	4.40916	1096
6144.408	9869628	4.81532	898
6145.41790000002	9239756	4.78401	994
6146.43790000002	9096748	5.23096	868
6147.45790000002	8687375	5.08751	923
6148.47790000002	10017891	5.01545	888
6149.4879	8558434	5.59654	791
6150.49789999998	8527897	5.72759	799
6151.5279	8923288	5.82934	744
6152.538	10022892	5.55768	759
6153.54799999998	9937661	5.84197	779
6154.59520000002	10160491	7.1065	714
6155.44759999998	12174855	8.24105	680
6156.34759999998	14412726	9.67046	663
6157.23760000002	17556282	10.8972	675
6158.1276	17760902	12.3346	654
6159.01759999998	18326672	11.9636	677
6159.90760000002	17662042	11.5551	687
6172.13800000002	5907270	6.00092	516
6172.69759999998	6225099	5.01671	533
6173.5878	5725136	5.26917	523
6186.31810000002	9453758	10.7209	443
6186.87760000002	8906041	8.53723	503
6187.75759999998	8799667	7.85671	418
6188.6376	8985137	7.74609	437
6189.51760000002	9126980	8.08575	411
6190.39759999998	9457777	8.66271	455
6191.28760000002	9493534	9.90002	464
6192.1776	12874819	10.5957	409
6193.0476	11838608	10.315	426
6193.92769999998	12500608	9.6811	494
6194.79760000002	10667783	9.75407	407
6195.67759999998	3794389	9.72769	506
6196.7376	8184686	8.60072	412
6197.59759999998	8670528	7.11925	485
6198.4776	7676592	7.35178	394
6199.35760000002	8384114	6.97252	439
6200.23759999998	8569938	6.5671	475
6201.1176	6876766	6.35717	476
6202.00750000002	7714021	5.62928	445
6202.88770000002	5706824	5.06574	520
6203.77780000002	4548985	5.47827	487
6204.72760000002	5741709	4.96419	430
6205.5876	4817298	4.7968	412
6206.47759999998	5767853	4.31098	471
6207.36769999998	4273728	4.76555	438
6208.2579	5801027	4.49961	475
6209.14759999998	5205846	5.07068	463
6210.04759999998	6192385	6.355	449
6210.93769999998	7969561	8.03895	392
6211.81759999998	8528814	9.91882	410
6212.7276	10559055	12.3022	439
6213.61759999998	12446832	14.3894	446
6214.50760000002	20892536	18.0299	425
6215.38759999998	24812226	27.1472	371
6216.4056	49043116	35.3498	315
6217.21810000002	62572844	42.135	307
6218.1879	78953176	48.7701	330
6219.12790000002	67564688	44.6807	297
6222.98869999998	57289608	47.184	250
6225.85870000002	71327824	47.04	253
6229.7988	64298756	41.2314	239
6230.418	44836320	39.3054	286
6231.37789999998	41389192	39.003	277
6235.25869999998	38298948	35.1106	299
6235.89790000002	30764040	33.1356	347
6236.868	32409230	33.6212	348
6240.5388	25417538	31.0415	345
6244.90879999998	20815010	26.3967	366
6251.6787	16886384	22.4561	369
6252.34789999998	16358594	23.2519	363
6253.32799999998	18428110	22.1484	395
6254.328	12047225	23.4669	354
6255.348	16340295	24.7405	305
6256.3479	16419854	20.7541	373
6257.3382	15694037	22.0204	329
6258.33799999998	14508209	20.8827	333
6259.32790000002	18884624	20.1812	305
6260.29789999998	11050629	18.4448	401
6261.3279	19019592	18.9895	273
6262.2879	13319644	18.6107	358
6263.28790000002	12679333	19.6237	329
6264.28789999998	10703096	18.808	388
6265.3179	9801939	19.6955	383
6266.34790000002	9794563	17.5314	439
6267.4137	12835944	19.4316	351
6268.27759999998	5019669	18.8786	419
6269.3376	10030382	19.3585	346
6270.25780000002	12358891	17.6022	354
6271.14760000002	12160284	17.2693	394
6272.05759999998	15310747	16.3691	374
6272.9376	9477679	17.6421	405
6273.85759999998	14149572	17.9541	367
6274.7676	12797179	20.0399	364
6275.64790000002	11208754	20.9841	364
6276.5676	11093524	20.5116	386
6277.49839999998	14569629	19.5379	359
6278.37769999998	14184461	19.9459	360
6279.32380000002	12360459	19.6136	359
6280.28800000002	10486814	20.9053	403
6281.31790000002	10763337	18.2244	356
6282.33790000002	10043131	17.9312	354
6283.35790000002	9941081	15.8872	417
6284.3781	7583958	18.3649	435
6285.45790000002	9860878	17.6353	395
6286.48789999998	8295771	17.3439	371
6287.52889999998	9087074	16.6635	391
6288.558	8393169	15.7687	415
6289.5987	6014775	17.5038	393
6290.6988	7408926	14.7819	387
6291.73819999998	13628611	14.8212	266
6292.72789999998	5968893	17.0519	393
6293.79790000002	8215527	14.5489	416
6294.85459999998	5470222	16.7498	405
6295.83790000002	5373634	15.1604	402
6296.83759999998	10568706	15.5003	345
6297.72760000002	5417691	14.108	425
6298.72759999998	6874002	16.3239	384
6299.66779999998	4933380	13.5312	442
6300.6876	6725149	13.0849	455
6301.61770000002	10491283	12.1809	321
6302.4876	6433830	13.8363	451
6303.4476	4934788	14.667	465
6304.48759999998	8417620	14.6154	342
6305.37760000002	4542553	13.2372	510
6306.4176	9700398	13.4586	305
6307.30759999998	6253495	13.1263	436
6308.26759999998	6011793	14.6536	383
6309.22759999998	6482069	14.1154	362
6310.1676	9908812	13.0273	301
6311.04760000002	7651959	14.9193	404
6311.98759999998	5408308	13.4043	444
6326.15830000002	5296741	12.1848	436
6326.79760000002	2902055	12.4629	463
6327.90760000002	4219653	12.9318	462
6328.93759999998	5137266	12.9852	418
6329.91760000002	6615220	10.337	381
6330.81760000002	9807469	10.8903	338
6331.69759999998	3295976	12.0776	464
6332.76760000002	6729376	11.6637	387
6333.68779999998	5046984	11.9062	463
6334.69840000002	5017985	12.7583	423
6335.65759999998	4585305	11.6657	460
6336.66760000002	6100842	10.4454	346
6337.56760000002	6333223	9.4568	234
6338.43769999998	6465253	12.0237	438
6339.3876	4385811	12.0723	472
6340.39759999998	3169326	12.3591	475
6341.50759999998	7328325	11.3217	430
6342.42760000002	1025111	10.116	667
6344.31760000002	10621546	14.7955	320
6345.2076	8563739	13.7236	369
6346.10770000002	9325399	11.5915	255
6346.9776	5602422	16.1102	430
6347.9676	6822033	13.3037	320
6348.88759999998	5912885	12.6632	362
6349.81759999998	6130268	12.8342	426
6350.77759999998	5517243	13.2879	429
6351.74779999998	4523782	13.1403	405
6352.77760000002	4390652	11.033	377
6353.71759999998	3736643	12.5586	477
6354.7878	4043089	13.6239	409
6355.82779999998	3925200	11.7486	432
6356.8476	6205866	11.6332	446
6357.79849999998	4292986	11.4637	406
6358.7976	7388760	10.2156	278
6359.65789999998	6310327	10.7277	303
6360.55849999998	4828998	11.0884	469
6361.53760000002	4824705	11.7048	350
6362.4876	8169599	8.99248	321
6363.3579	4196829	11.4368	414
6364.3476	4078885	11.382	446
6365.35759999998	2789291	11.3172	485
6366.4776	8290234	11.0835	354
6367.3776	4213782	11.4608	504
6368.41759999998	6474411	10.2757	337
6369.30760000002	4909331	11.3028	360
6370.2576	4270944	11.6176	466
6371.27779999998	4233637	10.4568	459
6372.2676	7170670	11.157	256
6373.14760000002	5166061	11.2942	450
6374.11759999998	2805983	13.2113	485
6375.28759999998	5358057	13.9762	498
6376.29769999998	3623955	13.5637	443
6377.3676	4863893	14.0642	431
6378.37759999998	5566805	15.2606	416
6379.3776	5063527	13.472	432
6380.36779999998	6129800	12.6425	420
6381.31759999998	4594275	13.7656	477
6382.3476	6662713	15.1943	437
6383.31760000002	4722813	13.7805	407
6384.32779999998	11511429	12.9019	313
6385.1976	5338277	12.6383	386
6386.14759999998	5805468	15.4809	472
6387.16759999998	14732751	14.6792	396
6388.0377	5473139	14.4849	531
6389.07769999998	4892308	12.833	425
6390.06760000002	5537924	12.871	390
6391.0176	15034455	14.0802	391
6391.8876	4959291	14.6662	493
6392.9376	4310855	12.8985	444
6393.95770000002	5087642	12.1629	432
6394.93759999998	13244004	13.0755	419
6395.8176	12194999	13.0196	408
6396.6576	4166164	11.4602	487
6397.7277	4797642	12.4096	415
6398.70760000002	5711910	11.945	394
6399.6576	5240803	11.1206	425
6400.61770000002	7226695	12.9574	529
6401.5776	11597205	12.1517	410
6402.46759999998	12617760	12.5555	372
6403.33759999998	7460050	10.713	299
6404.22760000002	5038687	11.7932	415
6418.37809999998	10573746	11.0551	476
6418.9476	11097816	10.8538	434
6419.8176	4346311	11.4741	444
6420.82759999998	3833352	11.0359	521
6421.87759999998	4738874	10.796	434
6422.85760000002	4447752	10.5053	468
6423.8376	3991890	10.6896	464
6424.8576	3508298	11.3826	465
6425.91760000002	3935977	10.3792	481
6426.93769999998	4122890	10.2496	483
6427.93759999998	4144096	10.1456	402
6428.92759999998	4098253	10.2896	454
6429.90760000002	3827590	10.3131	444
6430.92760000002	4900244	10.0416	447
6431.88760000002	3110645	10.8901	501
6432.97759999998	4262897	9.76628	456
6433.95760000002	4608015	9.83596	472
6434.92759999998	3882062	10.6262	465
6435.9576	4485316	9.70902	461
6436.92760000002	3266028	11.0988	473
6445.77799999998	3665908	10.1828	502
6446.47759999998	3638356	9.87001	504
6447.51769999998	5378264	9.94189	497
6448.48759999998	4941382	8.58853	462
6449.43760000002	3715740	9.94762	482
6450.46759999998	4327100	8.66322	525
6451.44760000002	4881581	9.20585	597
6452.44759999998	4302014	9.70119	458
6453.43759999998	4240047	9.87245	471
6454.42759999998	4989954	9.83844	552
6455.4276	8848108	8.65803	505
6456.32779999998	4401491	9.20579	467
6470.49799999998	14431509	15.6642	460
6471.04759999998	6981455	16.8484	434
6477.288	9495616	10.9875	432
6477.83770000002	5044295	10.3634	530
6478.8276	5819325	10.773	551
6479.8176	4912171	10.3064	472
6480.81760000002	9002455	9.40511	479
6481.68760000002	3976071	10.5606	478
6482.73760000002	4350992	9.46135	476
6483.70759999998	4370763	9.15526	495
6484.68760000002	4679462	10.0154	479
6485.68759999998	9619393	9.00782	500
6486.57760000002	4495206	9.32478	498
6487.56760000002	4800826	9.62168	421
6488.54830000002	6072127	8.16624	398
6489.42760000002	4219635	9.14617	461
6490.4076	4987863	9.66112	457
6491.38789999998	4234400	9.97665	508
6492.3975	5588480	8.64243	503
6493.3476	6506314	6.63491	454
6494.2476	3650370	9.47217	550
6501.77800000002	4286500	8.99724	511
6502.4376	7145763	8.11501	470
6503.3376	5807311	7.98489	426
6504.25789999998	4998227	9.61788	590
6505.2576	3770489	9.67869	545
6506.29840000002	4409454	9.04592	476
6507.27760000002	4773935	9.02635	511
6508.2576	4421303	8.82616	560
6509.25790000002	4453432	9.19429	486
6510.2376	4462292	9.24921	501
6511.2177	4321266	9.844	531
6512.2377	6881805	10.3403	554
6513.18760000002	6267054	11.182	537
6514.15759999998	6870696	8.93638	382
6515.05759999998	5197312	10.7396	485
6516.03760000002	6523246	10.7004	498
6516.9876	8253193	10.9698	456
6517.90759999998	7466515	10.6345	340
6518.79760000002	13752242	12.6704	506
6519.6876	5919567	13.042	508
6520.68769999998	5767547	13.3396	504
6521.68759999998	13402151	12.8705	488
6522.60760000002	6547925	13.1663	482
6523.5576	7999241	14.4213	458
6524.5077	5323145	14.1288	546
6525.55759999998	7840050	14.5617	535
6526.53850000002	6391315	13.6196	496
6527.5176	11960839	13.0052	428
6528.40759999998	3744467	15.2911	606
6529.60759999998	8946333	11.3265	397
6530.4984	4666527	8.16477	266
6531.3876	6296479	13.6434	563
6532.39759999998	8830039	11.4702	380
6533.29759999998	6739317	12.6907	453
6534.24760000002	5941625	13.3237	433
6541.04800000002	5690144	11.9037	511
6541.69759999998	5985946	12.3597	562
6542.6976	5697181	11.9657	476
6543.6876	3519332	12.8928	630
6544.86760000002	7234145	9.63182	434
6545.77759999998	4572680	11.0947	516
6546.79759999998	4743771	11.2561	519
6547.81759999998	4799629	11.3758	564
6548.85760000002	5385894	11.9774	542
6549.87760000002	4945709	11.5823	480
6550.8876	5158375	11.6695	579
6551.91760000002	7334533	9.35503	412
6552.8277	6237140	9.79152	513
6553.77790000002	7707731	10.6752	502
6554.7276	6817117	8.29445	401
6555.60760000002	5052501	10.7481	608
6556.62769999998	11538918	9.28262	561
6557.52760000002	4489972	11.028	621
6558.58759999998	4556216	9.81546	518
6559.59760000002	3549197	11.0162	565
6568.48810000002	5216094	9.83541	553
6569.14759999998	4856881	9.93013	565
6570.13789999998	4472092	10.6909	505
6571.15759999998	6217515	10.366	571
6572.1276	3252233	11.3178	633
6573.30760000002	4229357	10.1502	545
6574.3476	4925621	9.75733	522
6575.34760000002	3925742	9.66122	668
6576.4176	4776684	9.9432	538
6577.41760000002	4555481	9.89869	551
6578.43760000002	4966947	9.50377	513
6579.4176	4901083	9.17733	596
6580.4076	4892484	9.73069	498
6581.3976	2738640	11.0413	616
6582.57859999998	5599300	10.4705	564
6583.6176	4352496	9.66469	602
6584.60800000002	6142578	10.2827	585
6585.63760000002	4609433	9.45656	606
6586.65760000002	1621560	11.3633	758
6588.39760000002	5399045	9.00288	531
6589.35760000002	4330964	9.37616	638
6590.41759999998	6893873	7.51005	408
6591.2976	4470408	8.44629	499
6592.27789999998	5656955	8.48115	581
6593.2476	6725483	7.25929	446
6594.14749999998	4599665	9.16166	631
6595.17760000002	6129154	8.1054	407
6596.08759999998	3659408	10.3943	536
6597.16759999998	4392696	9.25696	560
6598.18759999998	5030620	8.99835	672
6599.20759999998	8874161	8.0917	554
6600.10759999998	4159673	9.19146	543
6601.1277	4601691	8.68447	505
6602.0976	7592211	8.1732	550
6603.01759999998	5960124	8.90665	616
6603.99760000002	4320977	9.45259	527
6605.0076	5344128	8.75962	688
6606.00760000002	3965428	8.90656	566
6607.0476	3197552	9.08514	615
6608.1576	6869464	7.15684	481
6609.0576	8092710	7.42277	516
6609.9576	8548192	7.62997	527
6610.8576	2184078	10.6135	653
6612.21760000002	7884401	7.54184	499
6613.1178	8853187	7.74374	515
6614.0076	9030262	7.76728	513
6614.9076	1747976	10.4724	733
6616.48759999998	4504393	8.06446	602
6617.4777	3801576	8.70366	550
6618.51760000002	5342148	8.03569	628
6619.4976	8504602	7.41146	579
6620.39770000002	2709086	4.64793	281
6621.29779999998	3124118	5.22384	279
6622.1976	4757746	8.00038	534
6623.16760000002	2703275	8.24021	633
6631.03810000002	2324151	8.86433	708
6631.99759999998	9279518	7.22202	594
6632.88760000002	9121032	7.1423	568
6633.78760000002	3520904	7.96135	541
6634.80760000002	4744619	7.67266	640
6635.80759999998	6714640	6.8354	443
6636.69760000002	4375026	7.62567	596
6637.69759999998	4782154	8.60373	616
6638.7276	3880099	8.44419	583
6639.72760000002	3820976	8.17976	626
6640.7976	2962620	8.77086	635
6641.92759999998	3269753	5.11963	311
6642.83770000002	3802017	8.06189	570
6643.8576	4121101	7.8378	576
6644.85760000002	4163716	8.41153	630
6645.8976	1603189	9.2026	664
6647.35759999998	4595530	7.67493	539
6648.3276	6448083	7.26634	484
6649.23760000002	8223527	6.78407	519
6650.13760000002	4318359	9.10605	606
6651.1776	1882259	10.8732	622
6652.60759999998	5623517	9.90263	564
6653.58829999998	5850334	12.6925	609
6654.6276	13060416	13.9113	451
6655.50760000002	15710776	14.1681	509
6656.3976	3161300	15.7776	656
6657.73759999998	4347565	13.4097	557
6658.83760000002	7390065	9.31978	425
6659.74759999998	4086671	10.0062	586
6660.8076	4784363	9.94345	617
6661.83760000002	7137312	7.39248	483
6662.75770000002	7111813	7.47472	482
6663.6477	6378039	6.51939	540
6664.5576	7675502	7.42836	537
6665.46760000002	5813625	7.95311	581
6666.4176	5902684	6.24737	490
6667.3377	1369568	10.7932	769
6669.2076	1974571	9.00723	637
6670.5276	4139234	6.3842	505
6671.47759999998	3251156	4.86696	342
6672.3876	920925	12.6202	791
6675.00769999998	3827903	7.86535	578
6676.02790000002	7462227	6.30324	553
6676.9176	2808190	8.41779	600
6678.0576	4144444	8.31948	561
6679.06759999998	3939744	8.63484	587
6680.11780000002	6546674	7.76876	608
6681.0576	4207081	8.15168	636
6682.09759999998	4223494	8.96535	647
6683.13760000002	8625163	7.64389	554
6684.04759999998	2023086	9.61381	681
6685.4376	6897513	6.61719	540
6686.34760000002	2890122	8.72559	677
6687.5076	2814005	8.63979	670
6688.6977	2868273	8.78969	653
6689.8476	6492783	6.62654	506
6690.7575	7573286	6.95262	564
6691.6677	9365540	7.64393	556
6692.56759999998	4851039	7.89898	637
6693.55789999998	9428054	7.79664	530
6694.45759999998	7118418	7.90487	562
6695.38759999998	6313029	7.40971	457
6696.2976	9873740	7.24952	603
6697.1976	2043214	10.3392	669
6698.6076	6574657	7.10315	512
6699.5076	6632392	6.82215	511
6700.41760000002	9657809	7.37365	595
6701.31760000002	7760794	7.00873	555
6702.21760000002	9504427	7.31848	582
6703.11760000002	1817799	10.6528	739
6704.6376	7034623	7.74528	518
6705.5976	1797769	9.91091	676
6707.0676	3640696	8.6818	700
6708.16759999998	4240227	7.06435	438
6709.1076	3741255	8.467	666
6710.17780000002	1827540	10.5025	659
6711.63760000002	3714894	8.26077	623
6712.68760000002	4553004	7.92437	640
6713.6877	8102990	7.33978	512
6714.57760000002	2515185	9.26724	659
6715.8276	4753450	7.94724	672
6716.82760000002	3008389	8.97157	656
6717.98770000002	2917939	8.51832	711
6719.16769999998	6432981	6.93438	482
6720.06760000002	6229796	6.45778	496
6720.97759999998	1523615	10.6506	789
6722.74759999998	3333319	9.01721	628
6723.84760000002	5301709	6.49278	502
6724.79770000002	1792811	9.93691	692
6726.22759999998	3421091	8.10101	548
6727.27759999998	3051973	8.45967	666
6728.40760000002	8307157	6.89245	595
6729.3279	7678598	7.09749	573
6730.21759999998	3108949	8.99372	645
6731.35759999998	2832912	7.89043	606
6732.46759999998	8297523	7.05485	558
6733.36759999998	1787478	9.59508	729
6734.85760000002	5286653	6.76664	507
6735.79759999998	6144703	6.12339	466
6736.7076	7268698	7.10359	504
6737.59759999998	2509106	9.6318	657
6738.85759999998	1526242	10.9974	750
6740.59849999998	2158288	10.4147	707
6742.0176	2992008	9.49676	658
6743.18770000002	4350940	8.76532	630
6744.2178	3746088	9.26883	612
6745.29760000002	4551932	10.5915	588
6746.34760000002	3629435	11.0416	631
6747.49759999998	2432988	14.2167	652
6748.95760000002	12039953	10.2996	558
6749.85760000002	12464380	11.4059	507
6750.75760000002	2825110	14.1385	631
6752.07760000002	10172724	11.8731	381
6752.9676	4957661	15.4447	596
6754.09759999998	5320797	16.2497	600
6755.19760000002	9730030	10.1249	474
6756.09769999998	7618939	11.9773	296
6756.9879	3498446	18.4101	639
6758.3676	5022310	14.8667	588
6759.44770000002	16028729	14.8156	469
6760.3476	6627124	8.90201	393
6761.2476	1874836	17.1182	741
6763.17760000002	2948797	13.9542	607
6764.4576	2246968	15.7477	656
6766.0176	6174853	11.2211	525
6766.99840000002	6884198	8.37778	481
6767.9076	4623587	12.3851	601
6768.97759999998	4665654	7.83627	328
6769.8876	825609	11.9395	842
6772.71769999998	6168517	8.93331	406
6773.61769999998	4630147	10.1124	550
6774.64759999998	5094580	9.71987	477
6775.60759999998	4716660	10.2824	548
6776.64760000002	7268957	10.9006	537
6777.5877	4252142	10.1166	606
6778.63759999998	4141854	10.7644	525
6779.67760000002	3776655	10.298	549
6780.7776	4048458	10.7717	627
6781.84759999998	1505363	12.604	744
6783.70759999998	962518	12.231	738
6786.16759999998	4268655	10.2456	662
6787.24759999998	3667435	5.55256	336
6788.14759999998	3070682	10.5701	573
6789.2976	7203945	8.18414	491
6790.21759999998	8500129	9.39507	471
6791.11759999998	1730757	10.8626	699
6792.66769999998	813766	10.7902	799
6795.50560000002	3831686	10.4996	602
6796.5579	4002478	9.5095	626
6797.7279	4739897	9.05209	556
6798.828	7712379	8.35791	614
6799.86790000002	731823	9.91681	880
6802.79800000002	8974189	7.72112	600
6803.81800000002	6264065	7.80367	506
6804.84790000002	4104893	9.27342	684
6806.02789999998	5825412	8.88524	570
6807.10819999998	5948051	7.6432	383
6808.1079	6496256	7.35026	478
6809.1279	7463928	7.44277	546
6810.13789999998	4140963	9.47363	636
6811.3179	1888864	11.5191	731
6812.97799999998	2009660	11.3228	694
6814.57789999998	7735050	8.0711	530
6815.59789999998	7282579	7.44348	503
6816.618	8217521	7.43639	464
6817.608	2073107	10.9016	738
6819.18790000002	6358315	8.29165	594
6820.24789999998	2366522	10.6566	716
6821.71789999998	6042477	8.67547	680
6822.8451	1828829	10.9187	794
6824.4738	8228051	8.27257	596
6825.4479	8515817	7.66669	554
6826.4679	8652284	7.73886	588
6827.4879	6232088	6.40675	451
6828.48799999998	6824154	6.91941	487
6829.4979	8666573	8.03097	596
6830.5179	2968619	10.1059	724
6831.85789999998	3517257	9.51888	751
6833.12800000002	10588797	8.06168	630
6834.13789999998	10034254	7.87853	594
6835.14790000002	6601078	8.4218	628
6836.20789999998	5735886	8.81744	681
6837.30799999998	6076271	8.68522	617
6838.39789999998	5701636	7.08908	419
6839.40790000002	4491937	8.87357	650
6840.55789999998	6720849	7.19793	508
6841.60459999998	684438	9.1332	850
6844.44409999998	3672668	9.56301	726
6845.65789999998	6470496	6.42916	491
6846.6279	6391403	6.71574	513
6847.68790000002	5298591	8.84329	745
6848.838	8499066	8.02978	630
6849.858	7716803	7.47292	567
6850.8879	7544426	6.86339	522
6851.88790000002	7847479	7.97798	588
6852.918	5415299	6.44031	413
6853.9281	7924188	7.36082	618
6854.95789999998	6682726	6.82551	504
6855.96790000002	2203308	10.4937	706
6857.4882	8933387	7.75232	645
6858.51799999998	8259507	8.07391	629
6859.5579	7409019	7.13307	540
6860.5887	3284338	9.52878	742
6861.86800000002	1842373	10.1891	810
6863.55799999998	4071682	8.40955	763
6864.76789999998	9532480	7.27595	686
6865.77799999998	8874884	6.6313	599
6866.79799999998	3067481	9.61227	735
6868.09789999998	2698385	10.0268	734
6869.49820000002	8244536	7.69535	572
6870.52789999998	2747613	9.93865	742
6871.90789999998	6843115	7.47112	579
6872.94790000002	7133723	7.36564	592
6873.97819999998	10230982	7.62488	578
6874.9779	7883937	7.47056	686
6876.01789999998	7836403	7.79754	597
6877.0479	8597200	7.43782	603
6878.07799999998	5894453	7.07154	634
6879.12799999998	8029835	7.46982	566
6880.14790000002	3609959	9.18397	769
6881.41789999998	6865287	7.60747	681
6882.46789999998	684021	8.54982	898
6885.39790000002	8564528	7.62658	636
6886.41790000002	697697	8.61867	923
6889.34800000002	8089443	7.57263	560
6890.36800000002	7371271	7.04372	563
6891.39799999998	8004656	7.23389	612
6892.4181	4785228	8.72342	711
6893.57800000002	6656256	7.43431	605
6894.62800000002	7759696	7.41096	649
6895.65790000002	6221047	8.17175	653
6896.74789999998	8230603	6.72312	518
6897.73789999998	8491517	7.22278	626
6898.77820000002	4797831	8.70494	683
6899.9079	8932103	7.68094	630
6900.92800000002	7640281	6.79843	542
6901.9479	715932	8.52039	948
6904.87789999998	1902956	10.6384	805
6906.6087	6594338	8.37011	730
6907.6779	4693237	9.01654	746
6908.85790000002	8314137	7.68525	630
6909.8979	2570824	10.0491	749
6911.3181	5633349	6.54013	552
6912.378	1780427	10.647	794
6914.1279	6574531	6.63053	503
6915.1479	5583735	6.52589	544
6916.188	2249047	10.4925	810
6917.76790000002	3587944	8.56297	759
6919.00789999998	5677750	7.62088	627
6920.08789999998	7656887	7.26371	573
6921.108	3519694	5.63639	365
6922.12789999998	5215116	8.76685	758
6923.2779	7858201	7.79753	663
6924.318	6904776	7.69225	634
6925.39450000002	8342930	7.07162	582
6926.26759999998	3917396	9.31073	667
6927.36760000002	4404295	8.73233	673
6928.4076	4266664	9.0057	698
6929.47759999998	3773715	9.38978	697
6930.5877	3927516	9.25935	692
6931.68760000002	3678669	9.42414	661
6932.7876	3701308	9.09681	673
6933.90760000002	3968477	9.36075	598
6934.96759999998	6035892	9.06858	743
6935.98759999998	10244711	7.11034	699
6936.88780000002	7226962	8.42481	739
6937.8576	697158	8.09172	960
6940.7238	8266642	7.83696	592
6941.70790000002	6914922	7.96729	743
6942.78790000002	1992954	10.8579	763
6944.4579	9090138	7.92838	726
6945.48799999998	4840901	8.85804	754
6946.64800000002	5412648	8.63433	757
6947.78800000002	8907644	7.65539	662
6948.81790000002	5006362	8.73833	755
6949.97800000002	7713519	7.23872	648
6951.018	7439118	6.31605	569
6952.02790000002	6212030	5.99648	512
6953.0379	7265684	6.06693	544
6954.03799999998	8765078	7.3261	656
6955.06819999998	9463247	7.00776	594
6956.0679	9160700	7.58004	648
6957.07789999998	7434022	8.76273	607
6958.1646	10431910	9.22189	572
6959.0376	2446589	13.2717	770
6960.56770000002	10070251	10.3602	638
6961.4976	2770531	15.8366	737
6963.03760000002	823824	10.0983	947
6965.86759999998	8362633	9.42474	578
6966.79759999998	9916399	9.85041	702
6967.72780000002	861618	11.412	879
6970.54759999998	8408931	8.16514	635
6971.47759999998	9939021	7.51792	766
6972.39760000002	6542082	7.06226	500
6973.31749999998	4450781	8.55069	607
6974.3379	4087799	8.95357	658
6975.39760000002	3496443	9.2721	714
6976.5477	3649475	9.6536	684
6977.67760000002	4064074	8.6738	607
6978.7176	3701359	8.85417	688
6979.8276	3642733	9.14629	672
6980.9277	4378211	8.61016	667
6981.97759999998	4600306	8.94159	578
6982.98760000002	4510498	8.9012	726
6984.0576	4281077	8.90226	690
6985.11760000002	4750099	8.58559	607
6986.11759999998	4275866	9.02991	709
6987.20749999998	4215708	9.249	798
6988.32769999998	9640740	7.34317	682
6989.23780000002	8369052	8.12005	683
6990.1776	2113222	10.2211	810
6991.68760000002	8459744	7.8155	771
6992.6277	7935883	7.40477	589
6993.5376	8792351	8.00549	743
6994.47760000002	4429478	9.38179	707
6995.55760000002	5542119	9.45757	714
6996.5976	4419253	9.93414	735
6997.68769999998	4234755	10.6434	649
6998.7876	4942939	10.5274	567
6999.79759999998	4905578	8.70794	766
7000.85770000002	9201371	8.36692	666
7001.7876	6792004	6.96077	491
7002.70759999998	1095079	15.2292	862
7005.56449999998	4869012	7.0673	479
7006.55869999998	4013829	9.45978	687
7007.76790000002	5209232	10.8487	655
7008.90799999998	4688155	11.563	636
7010.0988	5190446	10.637	655
7011.24790000002	10361826	8.24344	739
7012.2879	6503165	9.16961	787
7013.3988	9554157	8.35102	653
7014.42799999998	9126756	7.92848	612
7015.44790000002	8289485	7.72286	505
7016.4579	7635884	7.00224	525
7017.45820000002	2312647	11.5228	834
7019.08789999998	7448075	9.41191	699
7020.15790000002	2253005	11.557	757
7021.78789999998	1343678	15.0865	865
7024.33819999998	6822156	8.1908	629
7025.39800000002	6612281	7.19394	507
7026.4182	2449426	10.984	800
7027.96789999998	6665209	7.06044	489
7028.98789999998	6633063	7.01524	502
7030.00810000002	3854132	9.25556	812
7031.26789999998	2979565	9.46817	796
7032.63790000002	4774886	9.17466	818
7033.848	7496118	6.70346	506
7034.84800000002	7339169	6.14824	504
7035.858	1123540	16.3967	800
7038.79789999998	7794028	7.36402	703
7039.818	11554498	7.4969	525
7040.8179	6220544	8.34932	747
7041.91789999998	6193982	7.66483	662
7042.98799999998	6876967	6.83667	528
7043.99800000002	8744494	6.93473	575
7045.00789999998	8811788	7.04228	595
7046.01790000002	2360722	10.1108	816
7047.54799999998	8474803	7.55593	627
7048.578	1399014	12.9436	870
7050.918	7206685	8.108	723
7051.96789999998	6192472	8.16446	733
7053.06790000002	6201700	6.06713	504
7054.08790000002	2470111	10.3269	781
7055.60800000002	8745931	7.31677	650
7056.62899999998	5905082	6.21509	473
7057.6479	3439975	9.46823	838
7058.9679	9444073	7.58192	660
7060.0245	2462092	10.3908	815
7061.41759999998	2534896	8.7207	737
7062.69760000002	2552149	10.2249	819
7064.07760000002	9739097	7.46165	695
7064.9877	2341427	10.0814	842
7066.4376	6713225	5.94721	596
7067.34760000002	9446379	6.75703	681
7068.25759999998	8888952	5.99253	595
7069.14760000002	9675260	7.1917	609
7070.04760000002	2732985	9.39652	824
7071.36760000002	6193442	5.97915	473
7072.27759999998	9300080	7.10055	636
7073.22370000002	8104865	6.5557	566
7074.1779	10644664	7.3997	668
7075.18789999998	6387712	6.15118	539
7076.208	12188424	7.46366	648
7077.20800000002	5025664	8.79228	796
7078.36789999998	7553047	6.93236	527
7079.38789999998	11168328	6.74438	645
7080.378	2647577	11.0574	867
7081.92820000002	6186330	8.39402	689
7083.0279	4402886	10.3023	783
7084.27789999998	9969929	7.34244	634
7085.28790000002	16113612	8.23931	670
7086.27820000002	12334098	7.25841	641
7087.26790000002	10645575	8.05996	681
7088.28790000002	12174880	8.31293	687
7089.2988	6491752	6.22094	428
7090.3245	12373628	8.71997	691
7091.19760000002	11538283	7.78145	628
7092.09760000002	8704828	8.35402	742
7093.04770000002	9766365	8.55518	788
7093.9776	12297281	8.41899	654
7094.88760000002	2684189	11.5161	795
7096.29760000002	13118699	7.83947	713
7097.19760000002	12864179	7.6311	719
7098.0876	12746438	7.46999	676
7098.9777	10811098	6.28449	593
7099.8576	11988398	7.82415	677
7100.77759999998	4440674	8.31798	771
7101.8376	5596136	8.63977	870
7102.8876	4098272	8.74399	841
7104.02749999998	4894348	7.7695	648
7105.0176	6389248	8.42223	825
7106.0376	6359738	5.51208	475
7106.92759999998	2293870	7.75762	707
7108.17760000002	2793476	7.56677	701
7109.34769999998	2648659	7.58635	742
7110.52759999998	4283121	8.89887	892
7111.6776	11755729	7.12856	750
7112.5776	12980561	6.60254	712
7113.45760000002	12455732	7.10738	773
7114.3677	11700999	6.76331	727
7115.25769999998	12931796	6.89288	789
7116.1476	12578274	7.22998	798
7117.0476	12942518	7.03348	775
7117.95760000002	13484259	6.80513	752
7118.83759999998	13257736	6.72102	689
7119.76390000002	14504405	6.86235	759
7120.71790000002	11779434	6.87002	712
7121.71789999998	14625061	6.92646	746
7122.72799999998	15481461	6.62845	683
7123.68799999998	12653824	7.20022	777
7124.6979	19371600	6.3151	746
7125.66790000002	18835350	6.59607	723
7126.638	10373343	5.32843	577
7127.61859999998	8520832	6.75796	645
7128.62800000002	23008770	7.01	688
7129.59790000002	14755534	5.73626	454
7130.55880000002	6270616	8.18616	752
7131.6582	10166282	4.44024	429
7132.62799999998	15075695	6.02401	504
7133.57800000002	21313680	6.40122	658
7134.5487	20005956	5.88434	673
7135.50799999998	14107669	5.41448	536
7136.46790000002	8774316	4.1324	392
7137.42790000002	13121175	5.08183	485
7138.38790000002	17679550	5.84893	592
7139.3481	18937498	5.74808	646
7140.30790000002	19324278	5.50068	659
7141.26820000002	17913762	5.45006	617
7142.22799999998	19251588	4.95039	647
7143.18790000002	18847008	5.19873	629
7144.14790000002	18515526	5.01093	629
7145.10799999998	17704434	4.33372	613
7146.06790000002	17474708	4.76604	578
7147.0179	16235956	4.43665	517
7147.96789999998	13962946	4.39447	492
7148.92819999998	10631625	3.21307	442
7149.87790000002	8838270	3.46953	385
7150.8279	7631544	2.93394	361
7151.7879	7168453	2.75235	352
7152.75820000002	8124236	3.21899	342
7153.68799999998	6999105	2.50375	360
7154.64799999998	7506675	2.74839	362
7155.5979	5998512	2.45203	336
7156.57849999998	6245308	2.56359	363
7157.508	5666442	2.26555	367
7158.45790000002	5428086	2.3569	343
7159.41799999998	4994309	2.39783	327
7160.37790000002	5125838	2.24229	363
7161.33799999998	4980740	2.41609	354
7162.29790000002	4604781	2.2186	346
7163.25790000002	4692528	2.18535	384
7164.21790000002	4920746	2.12167	417
7165.188	4689784	2.17957	418
7166.15800000002	4438872	2.21931	416
7167.12790000002	4373842	2.2923	401
7168.09789999998	4354910	2.26663	420
7169.0679	4602597	2.2153	463
7170.048	4234033	2.23307	456
7171.0179	4293161	2.30457	492
7172.0079	4333078	2.26478	517
7172.98789999998	5101591	2.25293	592
7173.96799999998	4857829	2.3478	560
7174.95790000002	5429184	2.3438	662
7175.9379	5213215	2.34501	633
7176.93790000002	5333532	2.22482	687
7177.9548	5929519	2.22113	792
7178.80759999998	6217407	2.40033	773
7179.69760000002	8164027	2.92685	843
7180.57759999998	7056896	2.27331	842
7181.4576	7496947	2.31238	842
7182.33760000002	6860988	2.25126	950
7183.22770000002	8012230	2.22571	1058
7184.11759999998	7859488	2.24562	1127
7185.01759999998	9254701	2.25009	1232
7185.90760000002	7760306	2.23773	1236
7186.81759999998	7992264	2.2613	1346
7187.73760000002	9099501	2.35216	1430
7188.64759999998	8551420	2.3008	1458
7189.5576	9045064	2.29381	1523
7190.47780000002	8481748	2.273	1517
7191.39769999998	9024981	2.24238	1576
7192.3176	9457436	2.26806	1621
7193.23759999998	9397662	2.28488	1722
7194.15760000002	8930281	2.31295	1679
7195.0878	8357011	2.26951	1626
7196.01769999998	9257368	2.26624	1648
7196.9376	8173272	2.26741	1704
7197.87760000002	8569381	2.23451	1672
7198.81759999998	7906401	2.29639	1668
7199.74759999998	9578034	2.30396	1846

